Stock Name,Scientific Name,Common Name,Stock Area,Assessment Level
Atlantic menhaden - Atlantic Coast,Brevoortia tyrannus,Atlantic menhaden,Atlantic Coast,
Albacore - North Atlantic,Thunnus alalunga,Albacore,North Atlantic,3
Atlantic Small Coastal Shark Complex,,,,3
Atlantic sharpnose shark - Atlantic,Rhizoprionodon terraenovae,Atlantic sharpnose shark,Atlantic,4
Atlantic sharpnose shark - Gulf of Mexico,Rhizoprionodon terraenovae,Atlantic sharpnose shark,Gulf of Mexico,4
Bigeye tuna - Atlantic,Thunnus obesus,Bigeye tuna,Atlantic,
Blacknose shark - Atlantic,Carcharhinus acronotus,Blacknose shark,Atlantic,4
Blacknose shark - Gulf of Mexico,Carcharhinus acronotus,Blacknose shark,Gulf of Mexico,4
Blacktip shark - Atlantic,Carcharhinus limbatus,Blacktip shark,Atlantic,4
Blacktip shark - Gulf of Mexico,Carcharhinus limbatus,Blacktip shark,Gulf of Mexico,4
Blue marlin - Atlantic,Makaira nigricans,Blue marlin,Atlantic,4
Blue shark - North Atlantic,Prionace glauca,Blue shark,North Atlantic,4
Bluefin tuna - Western Atlantic,Thunnus thynnus,Bluefin tuna,Western Atlantic,
Dusky shark - Atlantic and Gulf of Mexico,Carcharhinus obscurus,Dusky shark,Atlantic and Gulf of Mexico,3
Finetooth shark - Atlantic and Gulf of Mexico,Carcharhinus isodon,Finetooth shark,Atlantic and Gulf of Mexico,3
Gulf Smoothhound Complex,,,,3
Porbeagle - Northwestern Atlantic,Lamna nasus,Porbeagle,Northwestern Atlantic,4
Sailfish - Western Atlantic,Istiophorus platypterus,Sailfish,Western Atlantic,4
Sandbar shark - Atlantic and Gulf of Mexico,Carcharhinus plumbeus,Sandbar shark,Atlantic and Gulf of Mexico,4
Scalloped hammerhead - Atlantic and Gulf of Mexico,Sphyrna lewini,Scalloped hammerhead,Atlantic and Gulf of Mexico,3
Shortfin mako - North Atlantic,Isurus oxyrinchus,Shortfin mako,North Atlantic,4
Skipjack tuna - Western Atlantic,Katsuwonus pelamis,Skipjack tuna,Western Atlantic,
Smooth dogfish - Atlantic,Mustelus canis,Smooth dogfish,Atlantic,4
Swordfish - North Atlantic,Xiphias gladius,Swordfish,North Atlantic,4
White marlin - Atlantic,Kajikia albida,White marlin,Atlantic,4
Yellowfin tuna - Atlantic,Thunnus albacares,Yellowfin tuna,Atlantic,4
Caribbean spiny lobster - Puerto Rico,Panulirus argus,Caribbean spiny lobster,Puerto Rico,
Caribbean Parrotfishes Complex,,,,0
Queen snapper - Caribbean,Etelis oculatus,Queen snapper,Caribbean,1
Red hind - Caribbean,Epinephelus guttatus,Red hind,Caribbean,2
Redtail parrotfish - Caribbean,Sparisoma chrysopterum,Redtail parrotfish,Caribbean,2
Silk snapper - Caribbean,Lutjanus vivanus,Silk snapper,Caribbean,2
Caribbean spiny lobster - St. Croix,Panulirus argus,Caribbean spiny lobster,St. Croix,
Caribbean spiny lobster - St. Thomas / St. John,Panulirus argus,Caribbean spiny lobster,St. Thomas / St. John,
Gag - Gulf of Mexico,Mycteroperca microlepis,Gag,Gulf of Mexico,5
Goliath grouper - Gulf of Mexico,Epinephelus itajara,Goliath grouper,Gulf of Mexico,1
Gray snapper - Gulf of Mexico,Lutjanus griseus,Gray snapper,Gulf of Mexico,4
Gray triggerfish - Gulf of Mexico,Balistes capriscus,Gray triggerfish,Gulf of Mexico,4
Greater amberjack - Gulf of Mexico,Seriola dumerili,Greater amberjack,Gulf of Mexico,4
Hogfish - Eastern Gulf of Mexico,Lachnolaimus maximus,Hogfish,Eastern Gulf of Mexico,4
Lane snapper - Gulf of Mexico,Lutjanus synagris,Lane snapper,Gulf of Mexico,
Red grouper - Gulf of Mexico,Epinephelus morio,Red grouper,Gulf of Mexico,5
Red snapper - Gulf of Mexico,Lutjanus campechanus,Red snapper,Gulf of Mexico,4
Scamp - Gulf of Mexico,Mycteroperca phenax,Scamp,Gulf of Mexico,
Tilefish - Gulf of Mexico,Lopholatilus chamaeleonticeps,Tilefish,Gulf of Mexico,4
Vermilion snapper - Gulf of Mexico,Rhomboplites aurorubens,Vermilion snapper,Gulf of Mexico,4
Yellowedge grouper - Gulf of Mexico,Epinephelus flavolimbatus,Yellowedge grouper,Gulf of Mexico,4
Brown shrimp - Gulf of Mexico,Farfantepenaeus aztecus,Brown shrimp,Gulf of Mexico,
Pink shrimp - Gulf of Mexico,Farfantepenaeus duorarum,Pink shrimp,Gulf of Mexico,4
Royal red shrimp - Gulf of Mexico,Pleoticus robustus,Royal red shrimp,Gulf of Mexico,
White shrimp - Gulf of Mexico,Litopenaeus setiferus,White shrimp,Gulf of Mexico,4
Pacific halibut - Pacific Coast / Alaska,Hippoglossus stenolepis,Pacific halibut,Pacific Coast / Alaska,4
Atlantic surfclam - Mid-Atlantic Coast,Spisula solidissima,Atlantic surfclam,Mid-Atlantic Coast,4
Ocean quahog - Atlantic Coast,Arctica islandica,Ocean quahog,Atlantic Coast,4
Bluefish - Atlantic Coast,Pomatomus saltatrix,Bluefish,Atlantic Coast,
Atlantic mackerel - Gulf of Maine / Cape Hatteras,Scomber scombrus,Atlantic mackerel,Gulf of Maine / Cape Hatteras,4
Butterfish - Gulf of Maine / Cape Hatteras,Peprilus triacanthus,Butterfish,Gulf of Maine / Cape Hatteras,5
Longfin inshore squid - Georges Bank / Cape Hatteras,Loligo pealeii,Longfin inshore squid,Georges Bank / Cape Hatteras,1
Northern shortfin squid - Northwestern Atlantic Coast,Illex illecebrosus,Northern shortfin squid,Northwestern Atlantic Coast,2
Black sea bass - Mid-Atlantic Coast,Centropristis striata,Black sea bass,Mid-Atlantic Coast,
Scup - Atlantic Coast,Stenotomus chrysops,Scup,Atlantic Coast,
Summer flounder - Mid-Atlantic Coast,Paralichthys dentatus,Summer flounder,Mid-Atlantic Coast,
Blueline tilefish - Mid-Atlantic Coast,Caulolatilus microps,Blueline tilefish,Mid-Atlantic Coast,1
Tilefish - Mid-Atlantic Coast,Lopholatilus chamaeleonticeps,Tilefish,Mid-Atlantic Coast,4
Atlantic herring - Northwestern Atlantic Coast,Clupea harengus,Atlantic herring,Northwestern Atlantic Coast,
Atlantic salmon - Gulf of Maine,Salmo salar,Atlantic salmon,Gulf of Maine,
Sea scallop - Northwestern Atlantic Coast,Placopecten magellanicus,Sea scallop,Northwestern Atlantic Coast,4
Red deepsea crab - Northwestern Atlantic,Chaceon quinquedens,Red deepsea crab,Northwestern Atlantic,1
Acadian redfish - Gulf of Maine / Georges Bank,Sebastes fasciatus,Acadian redfish,Gulf of Maine / Georges Bank,4
American plaice - Gulf of Maine / Georges Bank,Hippoglossoides platessoides,American plaice,Gulf of Maine / Georges Bank,
Atlantic cod - Eastern Georges Bank,Gadus morhua,Atlantic cod,Eastern Georges Bank,
Atlantic cod - Georges Bank,Gadus morhua,Atlantic cod,Georges Bank,
Atlantic cod - Gulf of Maine,Gadus morhua,Atlantic cod,Gulf of Maine,
Atlantic halibut - Northwestern Atlantic Coast,Hippoglossus hippoglossus,Atlantic halibut,Northwestern Atlantic Coast,
Atlantic wolffish - Gulf of Maine / Georges Bank,Anarhichas lupus,Atlantic wolffish,Gulf of Maine / Georges Bank,4
Haddock - Eastern Georges Bank,Melanogrammus aeglefinus,Haddock,Eastern Georges Bank,
Haddock - Georges Bank,Melanogrammus aeglefinus,Haddock,Georges Bank,
Haddock - Gulf of Maine,Melanogrammus aeglefinus,Haddock,Gulf of Maine,
Ocean pout - Northwestern Atlantic Coast,Zoarces americanus,Ocean pout,Northwestern Atlantic Coast,1
Offshore hake - Northwestern Atlantic Coast,Merluccius albidus,Offshore hake,Northwestern Atlantic Coast,1
Pollock - Gulf of Maine / Georges Bank,Pollachius virens,Pollock,Gulf of Maine / Georges Bank,
Red hake - Gulf of Maine / Northern Georges Bank,Urophycis chuss,Red hake,Gulf of Maine / Northern Georges Bank,
Red hake - Southern Georges Bank / Mid-Atlantic,Urophycis chuss,Red hake,Southern Georges Bank / Mid-Atlantic,1
Silver hake - Gulf of Maine / Northern Georges Bank,Merluccius bilinearis,Silver hake,Gulf of Maine / Northern Georges Bank,1
Silver hake - Southern Georges Bank / Mid-Atlantic,Merluccius bilinearis,Silver hake,Southern Georges Bank / Mid-Atlantic,1
White hake - Gulf of Maine / Georges Bank,Urophycis tenuis,White hake,Gulf of Maine / Georges Bank,
Windowpane - Gulf of Maine / Georges Bank,Scophthalmus aquosus,Windowpane,Gulf of Maine / Georges Bank,
Windowpane - Southern New England / Mid-Atlantic,Scophthalmus aquosus,Windowpane,Southern New England / Mid-Atlantic,
Winter flounder - Georges Bank,Pseudopleuronectes americanus,Winter flounder,Georges Bank,
Winter flounder - Gulf of Maine,Pseudopleuronectes americanus,Winter flounder,Gulf of Maine,1
Winter flounder - Southern New England / Mid-Atlantic,Pseudopleuronectes americanus,Winter flounder,Southern New England / Mid-Atlantic,4
Witch flounder - Northwestern Atlantic Coast,Glyptocephalus cynoglossus,Witch flounder,Northwestern Atlantic Coast,
Yellowtail flounder - Cape Cod / Gulf of Maine,Limanda ferruginea,Yellowtail flounder,Cape Cod / Gulf of Maine,
Yellowtail flounder - Georges Bank,Limanda ferruginea,Yellowtail flounder,Georges Bank,
Yellowtail flounder - Southern New England / Mid-Atlantic,Limanda ferruginea,Yellowtail flounder,Southern New England / Mid-Atlantic,
Barndoor skate - Georges Bank / Southern New England,Dipturus laevis,Barndoor skate,Georges Bank / Southern New England,1
Clearnose skate - Southern New England / Mid-Atlantic,Raja eglanteria,Clearnose skate,Southern New England / Mid-Atlantic,
Little skate - Georges Bank / Southern New England,Leucoraja erinacea,Little skate,Georges Bank / Southern New England,
Rosette skate - Southern New England / Mid-Atlantic,Leucoraja garmani,Rosette skate,Southern New England / Mid-Atlantic,
Smooth skate - Gulf of Maine,Malacoraja senta,Smooth skate,Gulf of Maine,
Thorny skate - Gulf of Maine,Amblyraja radiata,Thorny skate,Gulf of Maine,
Winter skate - Georges Bank / Southern New England,Leucoraja ocellata,Winter skate,Georges Bank / Southern New England,
Goosefish - Gulf of Maine / Northern Georges Bank,Lophius americanus,Goosefish,Gulf of Maine / Northern Georges Bank,
Goosefish - Southern Georges Bank / Mid-Atlantic,Lophius americanus,Goosefish,Southern Georges Bank / Mid-Atlantic,
Spiny dogfish - Atlantic Coast,Squalus acanthias,Spiny dogfish,Atlantic Coast,4
Blue king crab - Pribilof Islands,Paralithodes platypus,Blue king crab,Pribilof Islands,
Blue king crab - Saint Matthew Island,Paralithodes platypus,Blue king crab,Saint Matthew Island,
Golden king crab - Aleutian Islands,Lithodes aequispinus,Golden king crab,Aleutian Islands,4
Golden king crab - Eastern Aleutian Islands,Lithodes aequispinus,Golden king crab,Eastern Aleutian Islands,
Golden king crab - Pribilof Islands,Lithodes aequispinus,Golden king crab,Pribilof Islands,0
Golden king crab - Western Aleutian Islands,Lithodes aequispinus,Golden king crab,Western Aleutian Islands,
Red king crab - Bristol Bay,Paralithodes camtschaticus,Red king crab,Bristol Bay,
Red king crab - Norton Sound,Paralithodes camtschaticus,Red king crab,Norton Sound,
Red king crab - Pribilof Islands,Paralithodes camtschaticus,Red king crab,Pribilof Islands,
Red king crab - Western Aleutian Islands,Paralithodes camtschaticus,Red king crab,Western Aleutian Islands,0
Snow crab - Bering Sea,Chionoecetes opilio,Snow crab,Bering Sea,
Southern Tanner crab - Bering Sea,Chionoecetes bairdi,Southern Tanner crab,Bering Sea,
Alaska plaice - Bering Sea / Aleutian Islands,Pleuronectes quadrituberculatus,Alaska plaice,Bering Sea / Aleutian Islands,
Alaska skate - Bering Sea / Aleutian Islands,Bathyraja parmifera,Alaska skate,Bering Sea / Aleutian Islands,
Aleutian Islands Blackspotted and Rougheye rockfish Complex,,,Aleutian Islands,4
Arrowtooth flounder - Bering Sea / Aleutian Islands,Reinhardtius stomias,Arrowtooth flounder,Bering Sea / Aleutian Islands,
Atka mackerel - Bering Sea / Aleutian Islands,Pleurogrammus monopterygius,Atka mackerel,Bering Sea / Aleutian Islands,
Bering Sea / Aleutian Islands Blackspotted and Rougheye Rockfish Complex,,,,
Bering Sea / Aleutian Islands Other Flatfish Complex,,,,
Bering Sea / Aleutian Islands Other Rockfish Complex,,,,
Bering Sea / Aleutian Islands Other Skates Complex,,,,
Bering Sea / Aleutian Islands Sculpin Complex,,,,
Bering Sea / Aleutian Islands Shark Complex,,,,0
Bering Sea / Aleutian Islands Skate Complex,,,,1
Bering Sea / Aleutian Islands Squid Complex,,,,0
Eastern Bering Sea Blackspotted and Rougheye Rockfish Complex,,,Eastern Bering Sea,1
Flathead sole - Bering Sea / Aleutian Islands,Hippoglossoides elassodon,Flathead sole,Bering Sea / Aleutian Islands,
Giant octopus - Bering Sea / Aleutian Islands,Enteroctopus dofleini,Giant octopus,Bering Sea / Aleutian Islands,
Greenland halibut - Bering Sea / Aleutian Islands,Reinhardtius hippoglossoides,Greenland halibut,Bering Sea / Aleutian Islands,
Kamchatka flounder - Bering Sea / Aleutian Islands,Reinhardtius evermanni,Kamchatka flounder,Bering Sea / Aleutian Islands,
Northern rock sole - Bering Sea / Aleutian Islands,Lepidopsetta polyxystra,Northern rock sole,Bering Sea / Aleutian Islands,
Northern rockfish - Bering Sea / Aleutian Islands,Sebastes polyspinis,Northern rockfish,Bering Sea / Aleutian Islands,
Pacific cod - Aleutian Islands,Gadus macrocephalus,Pacific cod,Aleutian Islands,
Pacific cod - Bering Sea,Gadus macrocephalus,Pacific cod,Bering Sea,
Pacific ocean perch - Bering Sea / Aleutian Islands,Sebastes alutus,Pacific ocean perch,Bering Sea / Aleutian Islands,
Shortraker rockfish - Bering Sea / Aleutian Islands,Sebastes borealis,Shortraker rockfish,Bering Sea / Aleutian Islands,
Walleye pollock - Aleutian Islands,Gadus chalcogrammus,Walleye pollock,Aleutian Islands,
Walleye pollock - Bogoslof,Gadus chalcogrammus,Walleye pollock,Bogoslof,
Walleye pollock - Eastern Bering Sea,Gadus chalcogrammus,Walleye pollock,Eastern Bering Sea,4
Yellowfin sole - Bering Sea / Aleutian Islands,Limanda aspera,Yellowfin sole,Bering Sea / Aleutian Islands,
Sablefish - Eastern Bering Sea / Aleutian Islands / Gulf of Alaska,Anoplopoma fimbria,Sablefish,Eastern Bering Sea / Aleutian Islands / Gulf of Alaska,
Arrowtooth flounder - Gulf of Alaska,Reinhardtius stomias,Arrowtooth flounder,Gulf of Alaska,
Atka mackerel - Gulf of Alaska,Pleurogrammus monopterygius,Atka mackerel,Gulf of Alaska,0
Big skate - Gulf of Alaska,Raja binoculata,Big skate,Gulf of Alaska,
Dover sole - Gulf of Alaska,Microstomus pacificus,Dover sole,Gulf of Alaska,
Dusky rockfish - Gulf of Alaska,Sebastes variabilis,Dusky rockfish,Gulf of Alaska,
Flathead sole - Gulf of Alaska,Hippoglossoides elassodon,Flathead sole,Gulf of Alaska,
Giant octopus - Gulf of Alaska,Enteroctopus dofleini,Giant octopus,Gulf of Alaska,1
Gulf of Alaska Blackspotted and Rougheye Rockfish Complex,,,,
Gulf of Alaska Other Rockfish Complex,,,,
Gulf of Alaska Other Shallow Water Flatfish Complex,,,,
Gulf of Alaska Sculpin Complex,,,,
Gulf of Alaska Shallow Water Flatfish Complex,,,,4
Gulf of Alaska Shark Complex,,,,
Gulf of Alaska Skate Complex,,,,
Gulf of Alaska Squid Complex,,,,0
Longnose skate - Gulf of Alaska,Raja rhina,Longnose skate,Gulf of Alaska,1
North Pacific spiny dogfish - Gulf of Alaska,Squalus suckleyi,North Pacific spiny dogfish,Gulf of Alaska,
Northern rock sole - Central Gulf of Alaska,Lepidopsetta polyxystra,Northern rock sole,Central Gulf of Alaska,
Northern rock sole - Gulf of Alaska,Lepidopsetta polyxystra,Northern rock sole,Gulf of Alaska,
Northern rock sole - Western Gulf of Alaska,Lepidopsetta polyxystra,Northern rock sole,Western Gulf of Alaska,
Northern rockfish - Western / Central Gulf of Alaska,Sebastes polyspinis,Northern rockfish,Western / Central Gulf of Alaska,
Pacific cod - Gulf of Alaska,Gadus macrocephalus,Pacific cod,Gulf of Alaska,
Pacific ocean perch - Gulf of Alaska,Sebastes alutus,Pacific ocean perch,Gulf of Alaska,
Rex sole - Eastern Gulf of Alaska,Glyptocephalus zachirus,Rex sole,Eastern Gulf of Alaska,
Rex sole - Gulf of Alaska,Glyptocephalus zachirus,Rex sole,Gulf of Alaska,
Rex sole - Western / Central Gulf of Alaska,Glyptocephalus zachirus,Rex sole,Western / Central Gulf of Alaska,
Rock sole - Central Gulf of Alaska,Lepidopsetta bilineata,Rock sole,Central Gulf of Alaska,
Rock sole - Gulf of Alaska,Lepidopsetta bilineata,Rock sole,Gulf of Alaska,
Rock sole - Western Gulf of Alaska,Lepidopsetta bilineata,Rock sole,Western Gulf of Alaska,
Rougheye rockfish - Gulf of Alaska,Sebastes aleutianus,Rougheye rockfish,Gulf of Alaska,4
Shortraker rockfish - Gulf of Alaska,Sebastes borealis,Shortraker rockfish,Gulf of Alaska,
Shortspine thornyhead - Gulf of Alaska,Sebastolobus alascanus,Shortspine thornyhead,Gulf of Alaska,
Walleye pollock - Southeast Gulf of Alaska,Gadus chalcogrammus,Walleye pollock,Southeast Gulf of Alaska,3
Walleye pollock - Western / Central / West Yakutat Gulf of Alaska,Gadus chalcogrammus,Walleye pollock,Western / Central / West Yakutat Gulf of Alaska,
Yelloweye rockfish - Gulf of Alaska,Sebastes ruberrimus,Yelloweye rockfish,Gulf of Alaska,
Chinook salmon - Eastern North Pacific Far North Migrating,Oncorhynchus tshawytscha,Chinook salmon,Eastern North Pacific Far North Migrating,4
Coho salmon - Auke Creek,Oncorhynchus kisutch,Coho salmon,Auke Creek,4
Coho salmon - Berners River,Oncorhynchus kisutch,Coho salmon,Berners River,4
Coho salmon - Ford Arm Lake,Oncorhynchus kisutch,Coho salmon,Ford Arm Lake,4
Coho salmon - Hugh Smith Lake,Oncorhynchus kisutch,Coho salmon,Hugh Smith Lake,4
Weathervane scallop - Alaska,Patinopecten caurinus,Weathervane scallop,Alaska,1
Northern anchovy - Southern Pacific Coast,Engraulis mordax,Northern anchovy,Southern Pacific Coast,
Pacific chub mackerel - Pacific Coast,Scomber japonicus,Pacific chub mackerel,Pacific Coast,4
Pacific sardine - Northern Subpopulation,Sardinops sagax,Pacific sardine,Northern Subpopulation,4
Arrowtooth flounder - Pacific Coast,Reinhardtius stomias,Arrowtooth flounder,Pacific Coast,4
Aurora rockfish - Pacific Coast,Sebastes aurora,Aurora rockfish,Pacific Coast,4
Bank rockfish - California,Sebastes rufus,Bank rockfish,California,2
Big skate - Pacific Coast,Raja binoculata,Big skate,Pacific Coast,
Black rockfish - California,Sebastes melanops,Black rockfish,California,
Black rockfish - Northern Pacific Coast,Sebastes melanops,Black rockfish,Northern Pacific Coast,4
Black rockfish - Oregon,Sebastes melanops,Black rockfish,Oregon,
Black rockfish - Southern Pacific Coast,Sebastes melanops,Black rockfish,Southern Pacific Coast,4
Black rockfish - Washington,Sebastes melanops,Black rockfish,Washington,
Blackgill rockfish - Southern California,Sebastes melanostomus,Blackgill rockfish,Southern California,
Blue rockfish - Southern California,Sebastes mystinus,Blue rockfish,Southern California,2
Bocaccio - Southern Pacific Coast,Sebastes paucispinis,Bocaccio,Southern Pacific Coast,4
Brown rockfish - Pacific Coast,Sebastes auriculatus,Brown rockfish,Pacific Coast,3
Cabezon - California,Scorpaenichthys marmoratus,Cabezon,California,4
Cabezon - Northern California,Scorpaenichthys marmoratus,Cabezon,Northern California,
Cabezon - Oregon,Scorpaenichthys marmoratus,Cabezon,Oregon,4
Cabezon - Southern California,Scorpaenichthys marmoratus,Cabezon,Southern California,
Cabezon - Washington,Scorpaenichthys marmoratus,Cabezon,Washington,1
California Blue and Deacon Rockfish Complex,,,,
California scorpionfish - Southern California,Scorpaena guttata,California scorpionfish,Southern California,4
Canary rockfish - Pacific Coast,Sebastes pinniger,Canary rockfish,Pacific Coast,
Chilipepper - Southern Pacific Coast,Sebastes goodei,Chilipepper,Southern Pacific Coast,4
China rockfish - Central Pacific Coast,Sebastes nebulosus,China rockfish,Central Pacific Coast,
China rockfish - Northern Pacific Coast,Sebastes nebulosus,China rockfish,Northern Pacific Coast,
China rockfish - Southern Pacific Coast,Sebastes nebulosus,China rockfish,Southern Pacific Coast,
Copper rockfish - Northern California,Sebastes caurinus,Copper rockfish,Northern California,
Copper rockfish - Oregon,Sebastes caurinus,Copper rockfish,Oregon,
Copper rockfish - Southern California,Sebastes caurinus,Copper rockfish,Southern California,
Copper rockfish - Washington,Sebastes caurinus,Copper rockfish,Washington,
Cowcod - Southern California,Sebastes levis,Cowcod,Southern California,
Darkblotched rockfish - Pacific Coast,Sebastes crameri,Darkblotched rockfish,Pacific Coast,
Dover sole - Pacific Coast,Microstomus pacificus,Dover sole,Pacific Coast,
English sole - Pacific Coast,Parophrys vetulus,English sole,Pacific Coast,3
Greenspotted rockfish - Pacific Coast,Sebastes chlorostictus,Greenspotted rockfish,Pacific Coast,4
Greenstriped rockfish - Pacific Coast,Sebastes elongatus,Greenstriped rockfish,Pacific Coast,4
Kelp greenling - Oregon,Hexagrammos decagrammus,Kelp greenling,Oregon,4
Lingcod - Northern Pacific Coast,Ophiodon elongatus,Lingcod,Northern Pacific Coast,
Lingcod - Southern Pacific Coast,Ophiodon elongatus,Lingcod,Southern Pacific Coast,
Longnose skate - Pacific Coast,Raja rhina,Longnose skate,Pacific Coast,4
Longspine thornyhead - Pacific Coast,Sebastolobus altivelis,Longspine thornyhead,Pacific Coast,
Northern California Gopher / Black-and-Yellow Rockfish Complex,,,Northern California,
Oregon Blue and Deacon Rockfish Complex,,,,4
Pacific Coast Blackspotted and Rougheye Rockfish Complex,,,,
Pacific grenadier - Pacific Coast,Coryphaenoides acrolepis,Pacific grenadier,Pacific Coast,2
Pacific hake - Pacific Coast,Merluccius productus,Pacific hake,Pacific Coast,4
Pacific ocean perch - Pacific Coast,Sebastes alutus,Pacific ocean perch,Pacific Coast,4
Pacific sanddab - Pacific Coast,Citharichthys sordidus,Pacific sanddab,Pacific Coast,4
Petrale sole - Pacific Coast,Eopsetta jordani,Petrale sole,Pacific Coast,
Quillback rockfish - California,Sebastes maliger,Quillback rockfish,California,
Quillback rockfish - Oregon,Sebastes maliger,Quillback rockfish,Oregon,
Quillback rockfish - Washington,Sebastes maliger,Quillback rockfish,Washington,
Rex sole - Pacific Coast,Glyptocephalus zachirus,Rex sole,Pacific Coast,3
Rougheye rockfish - Pacific Coast,Sebastes aleutianus,Rougheye rockfish,Pacific Coast,2
Sablefish - Pacific Coast,Anoplopoma fimbria,Sablefish,Pacific Coast,
Sharpchin rockfish - Pacific Coast,Sebastes zacentrus,Sharpchin rockfish,Pacific Coast,3
Shortbelly rockfish - Pacific Coast,Sebastes jordani,Shortbelly rockfish,Pacific Coast,4
Shortspine thornyhead - Pacific Coast,Sebastolobus alascanus,Shortspine thornyhead,Pacific Coast,
Spiny dogfish - Pacific Coast,Squalus acanthias,Spiny dogfish,Pacific Coast,
Splitnose rockfish - Pacific Coast,Sebastes diploproa,Splitnose rockfish,Pacific Coast,4
Squarespot rockfish - Pacific Coast,Sebastes hopkinsi,Squarespot rockfish,Pacific Coast,
Starry flounder - Northern Pacific Coast,Platichthys stellatus,Starry flounder,Northern Pacific Coast,1
Starry flounder - Pacific Coast,Platichthys stellatus,Starry flounder,Pacific Coast,4
Starry flounder - Southern Pacific Coast,Platichthys stellatus,Starry flounder,Southern Pacific Coast,1
Stripetail rockfish - Pacific Coast,Sebastes saxicola,Stripetail rockfish,Pacific Coast,3
Vermilion and Sunset Rockfish Complex - Southern California,,,Southern California,
Vermilion and Sunset rockfish Complex - Northern California,,,Northern California,
Vermilion rockfish - Oregon,Sebastes miniatus,Vermilion rockfish,Oregon,
Vermilion rockfish - Washington,Sebastes miniatus,Vermilion rockfish,Washington,
Widow rockfish - Pacific Coast,Sebastes entomelas,Widow rockfish,Pacific Coast,
Yelloweye rockfish - Pacific Coast,Sebastes ruberrimus,Yelloweye rockfish,Pacific Coast,4
Yellowtail rockfish - Northern Pacific Coast,Sebastes flavidus,Yellowtail rockfish,Northern Pacific Coast,4
Yellowtail rockfish - Southern Pacific Coast,Sebastes flavidus,Yellowtail rockfish,Southern Pacific Coast,4
Chinook salmon - California Central Valley: Sacramento River Fall,Oncorhynchus tshawytscha,Chinook salmon,California Central Valley: Sacramento River Fall,
Chinook salmon - California Central Valley: Sacramento River Spring,Oncorhynchus tshawytscha,Chinook salmon,California Central Valley: Sacramento River Spring,
Chinook salmon - California Central Valley: Sacramento River Winter,Oncorhynchus tshawytscha,Chinook salmon,California Central Valley: Sacramento River Winter,
Chinook salmon - Columbia River Basin: Lower River Hatchery Fall,Oncorhynchus tshawytscha,Chinook salmon,Columbia River Basin: Lower River Hatchery Fall,
Chinook salmon - Columbia River Basin: Lower River Hatchery Spring,Oncorhynchus tshawytscha,Chinook salmon,Columbia River Basin: Lower River Hatchery Spring,
Chinook salmon - Columbia River Basin: Mid-River Bright Hatchery Fall,Oncorhynchus tshawytscha,Chinook salmon,Columbia River Basin: Mid-River Bright Hatchery Fall,
Chinook salmon - Columbia River Basin: North Lewis River Fall,Oncorhynchus tshawytscha,Chinook salmon,Columbia River Basin: North Lewis River Fall,
Chinook salmon - Columbia River Basin: Snake River Fall,Oncorhynchus tshawytscha,Chinook salmon,Columbia River Basin: Snake River Fall,
Chinook salmon - Columbia River Basin: Snake River Spring/Summer,Oncorhynchus tshawytscha,Chinook salmon,Columbia River Basin: Snake River Spring/Summer,
Chinook salmon - Columbia River Basin: Spring Creek Hatchery Fall,Oncorhynchus tshawytscha,Chinook salmon,Columbia River Basin: Spring Creek Hatchery Fall,
Chinook salmon - Columbia River Basin: Upper River Bright Fall,Oncorhynchus tshawytscha,Chinook salmon,Columbia River Basin: Upper River Bright Fall,
Chinook salmon - Columbia River Basin: Upper River Spring,Oncorhynchus tshawytscha,Chinook salmon,Columbia River Basin: Upper River Spring,
Chinook salmon - Columbia River Basin: Upper River Summer,Oncorhynchus tshawytscha,Chinook salmon,Columbia River Basin: Upper River Summer,4
Chinook salmon - Columbia River Basin: Upper Willamette Spring,Oncorhynchus tshawytscha,Chinook salmon,Columbia River Basin: Upper Willamette Spring,
Chinook salmon - Northern California Coast: California Coastal,Oncorhynchus tshawytscha,Chinook salmon,Northern California Coast: California Coastal,
Chinook salmon - Northern California Coast: Klamath River Fall,Oncorhynchus tshawytscha,Chinook salmon,Northern California Coast: Klamath River Fall,
Chinook salmon - Northern California Coast: Klamath River Spring,Oncorhynchus tshawytscha,Chinook salmon,Northern California Coast: Klamath River Spring,1
Chinook salmon - Oregon Coast: Central and Northern Oregon,Oncorhynchus tshawytscha,Chinook salmon,Oregon Coast: Central and Northern Oregon,
Chinook salmon - Oregon Coast: Southern Oregon,Oncorhynchus tshawytscha,Chinook salmon,Oregon Coast: Southern Oregon,
Chinook salmon - Puget Sound: Cedar River Summer/Fall,Oncorhynchus tshawytscha,Chinook salmon,Puget Sound: Cedar River Summer/Fall,
Chinook salmon - Puget Sound: Eastern Strait of Juan de Fuca Summer/Fall,Oncorhynchus tshawytscha,Chinook salmon,Puget Sound: Eastern Strait of Juan de Fuca Summer/Fall,
Chinook salmon - Puget Sound: Green River Summer/Fall,Oncorhynchus tshawytscha,Chinook salmon,Puget Sound: Green River Summer/Fall,
Chinook salmon - Puget Sound: Mid Hood Canal Summer/Fall,Oncorhynchus tshawytscha,Chinook salmon,Puget Sound: Mid Hood Canal Summer/Fall,
Chinook salmon - Puget Sound: Nisqually River Summer/Fall,Oncorhynchus tshawytscha,Chinook salmon,Puget Sound: Nisqually River Summer/Fall,
Chinook salmon - Puget Sound: Nooksack Spring Early,Oncorhynchus tshawytscha,Chinook salmon,Puget Sound: Nooksack Spring Early,
Chinook salmon - Puget Sound: Puyallup Summer/Fall,Oncorhynchus tshawytscha,Chinook salmon,Puget Sound: Puyallup Summer/Fall,
Chinook salmon - Puget Sound: Skagit Spring,Oncorhynchus tshawytscha,Chinook salmon,Puget Sound: Skagit Spring,
Chinook salmon - Puget Sound: Skagit Summer/Fall,Oncorhynchus tshawytscha,Chinook salmon,Puget Sound: Skagit Summer/Fall,
Chinook salmon - Puget Sound: Snohomish Summer/Fall,Oncorhynchus tshawytscha,Chinook salmon,Puget Sound: Snohomish Summer/Fall,
Chinook salmon - Puget Sound: Stillaguamish Summer/Fall,Oncorhynchus tshawytscha,Chinook salmon,Puget Sound: Stillaguamish Summer/Fall,
Chinook salmon - Puget Sound: White River Spring,Oncorhynchus tshawytscha,Chinook salmon,Puget Sound: White River Spring,
Chinook salmon - Washington Coast: Grays Harbor Fall,Oncorhynchus tshawytscha,Chinook salmon,Washington Coast: Grays Harbor Fall,
Chinook salmon - Washington Coast: Grays Harbor Spring,Oncorhynchus tshawytscha,Chinook salmon,Washington Coast: Grays Harbor Spring,
Chinook salmon - Washington Coast: Hoh Fall,Oncorhynchus tshawytscha,Chinook salmon,Washington Coast: Hoh Fall,
Chinook salmon - Washington Coast: Hoh Spring/Summer,Oncorhynchus tshawytscha,Chinook salmon,Washington Coast: Hoh Spring/Summer,
Chinook salmon - Washington Coast: Hoko Summer/Fall,Oncorhynchus tshawytscha,Chinook salmon,Washington Coast: Hoko Summer/Fall,
Chinook salmon - Washington Coast: Queets Fall,Oncorhynchus tshawytscha,Chinook salmon,Washington Coast: Queets Fall,
Chinook salmon - Washington Coast: Queets Spring/Summer,Oncorhynchus tshawytscha,Chinook salmon,Washington Coast: Queets Spring/Summer,
Chinook salmon - Washington Coast: Quillayute Fall,Oncorhynchus tshawytscha,Chinook salmon,Washington Coast: Quillayute Fall,
Chinook salmon - Washington Coast: Quillayute Spring/Summer,Oncorhynchus tshawytscha,Chinook salmon,Washington Coast: Quillayute Spring/Summer,
Chinook salmon - Washington Coast: Quinault Fall Hatchery,Oncorhynchus tshawytscha,Chinook salmon,Washington Coast: Quinault Fall Hatchery,
Chinook salmon - Washington Coast: Willapa Bay Fall Hatchery,Oncorhynchus tshawytscha,Chinook salmon,Washington Coast: Willapa Bay Fall Hatchery,
Chinook salmon - Washington Coast: Willapa Bay Fall Natural,Oncorhynchus tshawytscha,Chinook salmon,Washington Coast: Willapa Bay Fall Natural,
Coho salmon - Oregon Production Index Area: Central California Coast,Oncorhynchus kisutch,Coho salmon,Oregon Production Index Area: Central California Coast,
Coho salmon - Oregon Production Index Area: Columbia River Early Hatchery,Oncorhynchus kisutch,Coho salmon,Oregon Production Index Area: Columbia River Early Hatchery,
Coho salmon - Oregon Production Index Area: Columbia River Late Hatchery,Oncorhynchus kisutch,Coho salmon,Oregon Production Index Area: Columbia River Late Hatchery,
Coho salmon - Oregon Production Index Area: Lower Columbia Natural,Oncorhynchus kisutch,Coho salmon,Oregon Production Index Area: Lower Columbia Natural,
Coho salmon - Oregon Production Index Area: Oregon Coast Hatchery,Oncorhynchus kisutch,Coho salmon,Oregon Production Index Area: Oregon Coast Hatchery,
Coho salmon - Oregon Production Index Area: Oregon Coast Natural,Oncorhynchus kisutch,Coho salmon,Oregon Production Index Area: Oregon Coast Natural,
Coho salmon - Oregon Production Index Area: Southern Oregon/Northern California Coast,Oncorhynchus kisutch,Coho salmon,Oregon Production Index Area: Southern Oregon/Northern California Coast,
Coho salmon - Puget Sound: Hood Canal,Oncorhynchus kisutch,Coho salmon,Puget Sound: Hood Canal,
Coho salmon - Puget Sound: Skagit,Oncorhynchus kisutch,Coho salmon,Puget Sound: Skagit,
Coho salmon - Puget Sound: Snohomish,Oncorhynchus kisutch,Coho salmon,Puget Sound: Snohomish,
Coho salmon - Puget Sound: South Puget Sound Hatchery,Oncorhynchus kisutch,Coho salmon,Puget Sound: South Puget Sound Hatchery,
Coho salmon - Puget Sound: Stillaguamish,Oncorhynchus kisutch,Coho salmon,Puget Sound: Stillaguamish,
Coho salmon - Washington Coast: Grays Harbor,Oncorhynchus kisutch,Coho salmon,Washington Coast: Grays Harbor,
Coho salmon - Washington Coast: Hoh,Oncorhynchus kisutch,Coho salmon,Washington Coast: Hoh,
Coho salmon - Washington Coast: Queets,Oncorhynchus kisutch,Coho salmon,Washington Coast: Queets,
Coho salmon - Washington Coast: Quillayute Fall,Oncorhynchus kisutch,Coho salmon,Washington Coast: Quillayute Fall,
Coho salmon - Washington Coast: Quillayute Summer Hatchery,Oncorhynchus kisutch,Coho salmon,Washington Coast: Quillayute Summer Hatchery,
Coho salmon - Washington Coast: Quinault Hatchery,Oncorhynchus kisutch,Coho salmon,Washington Coast: Quinault Hatchery,
Coho salmon - Washington Coast: Strait of Juan de Fuca,Oncorhynchus kisutch,Coho salmon,Washington Coast: Strait of Juan de Fuca,
Coho salmon - Washington Coast: Willapa Bay Hatchery,Oncorhynchus kisutch,Coho salmon,Washington Coast: Willapa Bay Hatchery,
Coho salmon - Washington Coast: Willapa Bay Natural,Oncorhynchus kisutch,Coho salmon,Washington Coast: Willapa Bay Natural,
Pink salmon - Puget Sound,Oncorhynchus gorbuscha,Pink salmon,Puget Sound,1
Albacore - North Pacific,Thunnus alalunga,Albacore,North Pacific,4
Bigeye thresher - Pacific,Alopias superciliosus,Bigeye thresher,Pacific,2
Bigeye tuna - Eastern Pacific,Thunnus obesus,Bigeye tuna,Eastern Pacific,1
Bigeye tuna - Western and Central Pacific,Thunnus obesus,Bigeye tuna,Western and Central Pacific,4
Blue shark - North Pacific,Prionace glauca,Blue shark,North Pacific,4
Pacific bluefin tuna - Pacific,Thunnus orientalis,Pacific bluefin tuna,Pacific,4
Shortfin mako - North Pacific,Isurus oxyrinchus,Shortfin mako,North Pacific,4
Skipjack tuna - Eastern Pacific,Katsuwonus pelamis,Skipjack tuna,Eastern Pacific,1
Skipjack tuna - Western and Central Pacific,Katsuwonus pelamis,Skipjack tuna,Western and Central Pacific,
Striped marlin - Eastern Pacific,Kajikia audax,Striped marlin,Eastern Pacific,4
Striped marlin - Western and Central North Pacific,Kajikia audax,Striped marlin,Western and Central North Pacific,
Swordfish - Eastern Pacific,Xiphias gladius,Swordfish,Eastern Pacific,3
Swordfish - Western and Central North Pacific,Xiphias gladius,Swordfish,Western and Central North Pacific,4
Thresher shark - North Pacific,Alopias vulpinus,Thresher shark,North Pacific,4
Yellowfin tuna - Eastern Pacific,Thunnus albacares,Yellowfin tuna,Eastern Pacific,4
Yellowfin tuna - Western and Central Pacific,Thunnus albacares,Yellowfin tuna,Western and Central Pacific,4
Brown rock shrimp - Southern Atlantic Coast,Sicyonia brevirostris,Brown rock shrimp,Southern Atlantic Coast,1
Brown shrimp - Southern Atlantic Coast,Farfantepenaeus aztecus,Brown shrimp,Southern Atlantic Coast,1
Pink shrimp - Southern Atlantic Coast,Farfantepenaeus duorarum,Pink shrimp,Southern Atlantic Coast,1
White shrimp - Southern Atlantic Coast,Litopenaeus setiferus,White shrimp,Southern Atlantic Coast,1
Black sea bass - Southern Atlantic Coast,Centropristis striata,Black sea bass,Southern Atlantic Coast,4
Blueline tilefish - Southern Atlantic Coast,Caulolatilus microps,Blueline tilefish,Southern Atlantic Coast,3
Gag - Southern Atlantic Coast,Mycteroperca microlepis,Gag,Southern Atlantic Coast,4
Gray triggerfish - Southern Atlantic Coast,Balistes capriscus,Gray triggerfish,Southern Atlantic Coast,4
Greater amberjack - Southern Atlantic Coast,Seriola dumerili,Greater amberjack,Southern Atlantic Coast,4
Hogfish - Carolinas,Lachnolaimus maximus,Hogfish,Carolinas,4
Hogfish - Florida Keys / East Florida,Lachnolaimus maximus,Hogfish,Florida Keys / East Florida,4
Red grouper - Southern Atlantic Coast,Epinephelus morio,Red grouper,Southern Atlantic Coast,4
Red porgy - Southern Atlantic Coast,Pagrus pagrus,Red porgy,Southern Atlantic Coast,4
Red snapper - Southern Atlantic Coast,Lutjanus campechanus,Red snapper,Southern Atlantic Coast,4
Snowy grouper - Southern Atlantic Coast,Epinephelus niveatus,Snowy grouper,Southern Atlantic Coast,4
Tilefish - Southern Atlantic Coast,Lopholatilus chamaeleonticeps,Tilefish,Southern Atlantic Coast,4
Vermilion snapper - Southern Atlantic Coast,Rhomboplites aurorubens,Vermilion snapper,Southern Atlantic Coast,4
Wreckfish - Southern Atlantic Coast,Polyprion americanus,Wreckfish,Southern Atlantic Coast,4
Cobia - Gulf of Mexico,Rachycentron canadum,Cobia,Gulf of Mexico,
King mackerel - Gulf of Mexico,Scomberomorus cavalla,King mackerel,Gulf of Mexico,4
King mackerel - Southern Atlantic Coast,Scomberomorus cavalla,King mackerel,Southern Atlantic Coast,4
Spanish mackerel - Gulf of Mexico,Scomberomorus maculatus,Spanish mackerel,Gulf of Mexico,4
Spanish mackerel - Southern Atlantic Coast,Scomberomorus maculatus,Spanish mackerel,Southern Atlantic Coast,4
Black grouper - Southern Atlantic Coast / Gulf of Mexico,Mycteroperca bonaci,Black grouper,Southern Atlantic Coast / Gulf of Mexico,4
Goliath grouper - Southern Atlantic Coast / Gulf of Mexico,Epinephelus itajara,Goliath grouper,Southern Atlantic Coast / Gulf of Mexico,3
Mutton snapper - Southern Atlantic Coast / Gulf of Mexico,Lutjanus analis,Mutton snapper,Southern Atlantic Coast / Gulf of Mexico,4
Yellowtail snapper - Southern Atlantic Coast / Gulf of Mexico,Ocyurus chrysurus,Yellowtail snapper,Southern Atlantic Coast / Gulf of Mexico,
Caribbean spiny lobster - Southern Atlantic Coast / Gulf of Mexico,Panulirus argus,Caribbean spiny lobster,Southern Atlantic Coast / Gulf of Mexico,4
American Samoa Bottomfish Multi-species Complex,,,,3
Bullethead parrotfish - Main Hawaiian Islands,Chlorurus sordidus,Bullethead parrotfish,Main Hawaiian Islands,2
Crimson jobfish - Main Hawaiian Islands,Pristipomoides filamentosus,Crimson jobfish,Main Hawaiian Islands,3
Giant trevally - Main Hawaiian Islands,Caranx ignobilis,Giant trevally,Main Hawaiian Islands,2
Goatfish (Parupeneus porphyreus) - Main Hawaiian Islands,Parupeneus porphyreus,Goatfish (Parupeneus porphyreus),Main Hawaiian Islands,2
Green jobfish - Main Hawaiian Islands,Aprion virescens,Green jobfish,Main Hawaiian Islands,2
Main Hawaiian Islands Deep 7 Bottomfish Multi-species Complex,,,,3
Palenose parrotfish - Main Hawaiian Islands,Scarus psittacus,Palenose parrotfish,Main Hawaiian Islands,2
Redlip parrotfish - Main Hawaiian Islands,Scarus rubroviolaceus,Redlip parrotfish,Main Hawaiian Islands,2
Regal parrotfish - Main Hawaiian Islands,Scarus dubius,Regal parrotfish,Main Hawaiian Islands,2
Shortnosed unicornfish - Main Hawaiian Islands,Naso brevirostris,Shortnosed unicornfish,Main Hawaiian Islands,2
Sleek unicornfish - Main Hawaiian Islands,Naso hexacanthus,Sleek unicornfish,Main Hawaiian Islands,2
Spanner crab - Main Hawaiian Islands,Ranina ranina,Spanner crab,Main Hawaiian Islands,
Spectacled parrotfish - Main Hawaiian Islands,Chlorurus perspicillatus,Spectacled parrotfish,Main Hawaiian Islands,2
Stareye parrotfish - Main Hawaiian Islands,Calotomus carolinus,Stareye parrotfish,Main Hawaiian Islands,2
Twosaddle goatfish - Main Hawaiian Islands,Parupeneus insularis,Twosaddle goatfish,Main Hawaiian Islands,2
Yellowfin goatfish - Main Hawaiian Islands,Mulloidichthys vanicolensis,Yellowfin goatfish,Main Hawaiian Islands,2
Yellowstripe goatfish - Main Hawaiian Islands,Mulloidichthys flavolineatus,Yellowstripe goatfish,Main Hawaiian Islands,2
Bigeye bream - Guam,Monotaxis grandoculis,Bigeye bream,Guam,
Blacktail snapper - Guam,Lutjanus fulvus,Blacktail snapper,Guam,
Bluefin trevally - Guam,Caranx melampygus,Bluefin trevally,Guam,
Bluespine unicornfish - Guam,Naso unicornis,Bluespine unicornfish,Guam,
Filament-f inned parrotfish - Guam,Scarus altipinnis,Filament-finned parrotfish,Guam,
Guam Bottomfish Multi-species Complex,,,,3
Humpback red snapper - Guam,Lutjanus gibbus,Humpback red snapper,Guam,
Island jack - Guam,Carangoides orthogrammus,Island jack,Guam,
Longnose emperor - Guam,Lethrinus olivaceus,Longnose emperor,Guam,
Northern Mariana Islands Bottomfish Multi-species Complex,,,,3
Pacific longnose parrotfish - Guam,Hipposcarus longiceps,Pacific longnose parrotfish,Guam,
Redlip parrotfish - Guam,Scarus rubroviolaceus,Redlip parrotfish,Guam,
Steephead parrotfish - Guam,Chlorurus microrhinos,Steephead parrotfish,Guam,
Yellowlip emperor - Guam,Lethrinus xanthochilus,Yellowlip emperor,Guam,
Albacore - South Pacific,Thunnus alalunga,Albacore,South Pacific,4
Blue marlin - Pacific,Makaira nigricans,Blue marlin,Pacific,4
Oceanic whitetip shark - Western and Central Pacific,Carcharhinus longimanus,Oceanic whitetip shark,Western and Central Pacific,
Silky shark - Western and Central Pacific,Carcharhinus falciformis,Silky shark,Western and Central Pacific,4
