"scientific_name","stock_name","avg_p_score","avg_s_score","score"
"Alopias _ superciliosus","Bigeye thresher - Pacific",1.85714285714286,2.15384615384615,2.00549450549451
"Alopias _ vulpinus","Thresher shark - North Pacific",1.85714285714286,2.30769230769231,2.08241758241758
"Amblyraja _ badia","Gulf of Alaska Skate Complex",1.85714285714286,2,1.92857142857143
"Amblyraja _ radiata","Thorny skate - Gulf of Maine",1.78571428571429,2.53846153846154,2.16208791208791
"Anarhichas _ lupus","Atlantic wolffish - Gulf of Maine / Georges Bank",1.5,2.15384615384615,1.82692307692308
"Anoplopoma _ fimbria","Sablefish - Eastern Bering Sea / Aleutian Islands / Gulf of Alaska",1.92857142857143,2,1.96428571428571
"Anoplopoma _ fimbria","Sablefish - Pacific Coast",1.92857142857143,2.30769230769231,2.11813186813187
"Aphareus _ rutilans","American Samoa Bottomfish Multi-species Complex",2.14285714285714,1.84615384615385,1.99450549450549
"Aphareus _ rutilans","Guam Bottomfish Multi-species Complex",2.14285714285714,1.84615384615385,1.99450549450549
"Aphareus _ rutilans","Northern Mariana Islands Bottomfish Multi-species Complex",2.14285714285714,1.84615384615385,1.99450549450549
"Aphareus _ rutilans","Main Hawaiian Islands Deep 7 Bottomfish Multi-species Complex",1.92857142857143,1.92307692307692,1.92582417582418
"Aprion _ virescens","American Samoa Bottomfish Multi-species Complex",2.71428571428571,1.84615384615385,2.28021978021978
"Aprion _ virescens","Green jobfish - Main Hawaiian Islands",2.71428571428571,1.92307692307692,2.31868131868132
"Arctica _ islandica","Ocean quahog - Atlantic Coast",1.78571428571429,2.38461538461538,2.08516483516484
"Artediellus _ pacificus","Bering Sea / Aleutian Islands Sculpin Complex",2.07142857142857,1.92307692307692,1.99725274725275
"Atheresthes _ evermanni","Kamchatka flounder - Bering Sea / Aleutian Islands",2,2.46153846153846,2.23076923076923
"Atheresthes _ stomias","Arrowtooth flounder - Bering Sea / Aleutian Islands",2,2.38461538461538,2.19230769230769
"Atheresthes _ stomias","Arrowtooth flounder - Gulf of Alaska",2,2.38461538461538,2.19230769230769
"Atheresthes _ stomias","Arrowtooth flounder - Pacific Coast",2,2.38461538461538,2.19230769230769
"Balistes _ capriscus","Gray triggerfish - Gulf of Mexico",2.5,2.23076923076923,2.36538461538462
"Balistes _ capriscus","Gray triggerfish - Southern Atlantic Coast",2.5,1.84615384615385,2.17307692307692
"Bathyraja _ aleutica","Bering Sea / Aleutian Islands Skate Complex",1.78571428571429,2.07692307692308,1.93131868131868
"Bathyraja _ aleutica","Gulf of Alaska Skate Complex",1.78571428571429,2.15384615384615,1.96978021978022
"Bathyraja _ interrupta","Bering Sea / Aleutian Islands Skate Complex",1.92857142857143,2.07692307692308,2.00274725274725
"Bathyraja _ interrupta","Gulf of Alaska Skate Complex",1.92857142857143,2.15384615384615,2.04120879120879
"Bathyraja _ maculata","Bering Sea / Aleutian Islands Skate Complex",1.78571428571429,2.07692307692308,1.93131868131868
"Bathyraja _ parmifera","Alaska skate - Bering Sea / Aleutian Islands",2,2.07692307692308,2.03846153846154
"Bathyraja _ parmifera","Bering Sea / Aleutian Islands Skate Complex",2,2,2
"Bathyraja _ parmifera","Gulf of Alaska Skate Complex",2,2.07692307692308,2.03846153846154
"Bathyraja _ taranetzi","Bering Sea / Aleutian Islands Skate Complex",1.78571428571429,2.07692307692308,1.93131868131868
"Blepsias _ bilobus","Bering Sea / Aleutian Islands Sculpin Complex",2.35714285714286,1.76923076923077,2.06318681318681
"Brevoortia _ tyrannus","Atlantic menhaden - Atlantic Coast",2.28571428571429,1.84615384615385,2.06593406593407
"Calotomus _ carolinus","Stareye parrotfish - Main Hawaiian Islands",2.21428571428571,1.69230769230769,1.9532967032967
"Carangoides _ orthogrammus","Island jack - Guam",2.42857142857143,1.76923076923077,2.0989010989011
"Caranx _ ignobilis","Giant trevally - Main Hawaiian Islands",2.42857142857143,1.76923076923077,2.0989010989011
"Caranx _ ignobilis","Guam Bottomfish Multi-species Complex",2.42857142857143,1.84615384615385,2.13736263736264
"Caranx _ ignobilis","Northern Mariana Islands Bottomfish Multi-species Complex",2.42857142857143,1.84615384615385,2.13736263736264
"Caranx _ lugubris","American Samoa Bottomfish Multi-species Complex",2.35714285714286,2.07692307692308,2.21703296703297
"Caranx _ lugubris","Guam Bottomfish Multi-species Complex",2.35714285714286,2.07692307692308,2.21703296703297
"Caranx _ lugubris","Northern Mariana Islands Bottomfish Multi-species Complex",2.35714285714286,2.07692307692308,2.21703296703297
"Caranx _ melampygus","Bluefin trevally - Guam",2.5,1.84615384615385,2.17307692307692
"Carcharhinus _ acronotus","Atlantic Small Coastal Shark Complex",2.14285714285714,2,2.07142857142857
"Carcharhinus _ acronotus","Blacknose shark - Atlantic",2.14285714285714,2,2.07142857142857
"Carcharhinus _ acronotus","Blacknose shark - Gulf of Mexico",2.14285714285714,2.15384615384615,2.14835164835165
"Carcharhinus _ falciformis","Silky shark - Western and Central Pacific",2.14285714285714,2.23076923076923,2.18681318681319
"Carcharhinus _ isodon","Atlantic Small Coastal Shark Complex",2,2,2
"Carcharhinus _ isodon","Finetooth shark - Atlantic and Gulf of Mexico",2,2.15384615384615,2.07692307692308
"Carcharhinus _ limbatus","Blacktip shark - Atlantic",2.14285714285714,2.46153846153846,2.3021978021978
"Carcharhinus _ limbatus","Blacktip shark - Gulf of Mexico",2.14285714285714,2.38461538461538,2.26373626373626
"Carcharhinus _ longimanus","Oceanic whitetip shark - Western and Central Pacific",2.21428571428571,2.53846153846154,2.37637362637363
"Carcharhinus _ obscurus","Dusky shark - Atlantic and Gulf of Mexico",2,2.30769230769231,2.15384615384615
"Carcharhinus _ plumbeus","Sandbar shark - Atlantic and Gulf of Mexico",2.14285714285714,2.23076923076923,2.18681318681319
"Caulolatilus _ microps","Blueline tilefish - Mid-Atlantic Coast",2.07142857142857,2.15384615384615,2.11263736263736
"Caulolatilus _ microps","Blueline tilefish - Southern Atlantic Coast",2.07142857142857,2,2.03571428571429
"Centropristis _ striata","Black sea bass - Mid-Atlantic Coast",2.5,2.15384615384615,2.32692307692308
"Centropristis _ striata","Black sea bass - Southern Atlantic Coast",2.5,2.07692307692308,2.28846153846154
"Chaceon _ quinquedens","Red deepsea crab - Northwestern Atlantic",2,1.92307692307692,1.96153846153846
"Chionoecetes _ bairdi","Southern Tanner crab - Bering Sea",2,2.23076923076923,2.11538461538462
"Chionoecetes _ opilio","Snow crab - Bering Sea",2.07142857142857,2.07692307692308,2.07417582417582
"Chlorurus _ microrhinos","Steephead parrotfish - Guam",2,1.69230769230769,1.84615384615385
"Chlorurus _ perspicillatus","Spectacled parrotfish - Main Hawaiian Islands",2,1.61538461538462,1.80769230769231
"Chlorurus _ sordidus","Bullethead parrotfish - Main Hawaiian Islands",2,1.61538461538462,1.80769230769231
"Citharichthys _ sordidus","Bering Sea / Aleutian Islands Other Flatfish Complex",2.42857142857143,1.76923076923077,2.0989010989011
"Citharichthys _ sordidus","Pacific sanddab - Pacific Coast",2.42857142857143,1.76923076923077,2.0989010989011
"Clidoderma _ asperrimum","Bering Sea / Aleutian Islands Other Flatfish Complex",1.78571428571429,1.76923076923077,1.77747252747253
"Clupea _ harengus","Atlantic herring - Northwestern Atlantic Coast",1.71428571428571,1.76923076923077,1.74175824175824
"Coryphaenoides _ acrolepis","Pacific grenadier - Pacific Coast",1.5,2,1.75
"Dasycottus _ setiger","Bering Sea / Aleutian Islands Sculpin Complex",1.71428571428571,1.92307692307692,1.81868131868132
"Dipturus _ laevis","Barndoor skate - Georges Bank / Southern New England",1.92857142857143,2.38461538461538,2.15659340659341
"Embassichthys _ bathybius","Bering Sea / Aleutian Islands Other Flatfish Complex",1.85714285714286,1.92307692307692,1.89010989010989
"Engraulis _ mordax","Northern anchovy - Southern Pacific Coast",2.35714285714286,1.76923076923077,2.06318681318681
"Enophrys _ diceraus","Bering Sea / Aleutian Islands Sculpin Complex",2.28571428571429,1.92307692307692,2.1043956043956
"Enteroctopus _ dofleini","Giant octopus - Bering Sea / Aleutian Islands",2,2,2
"Enteroctopus _ dofleini","Giant octopus - Gulf of Alaska",2,1.92307692307692,1.96153846153846
"Eopsetta _ jordani","Bering Sea / Aleutian Islands Other Flatfish Complex",1.92857142857143,1.92307692307692,1.92582417582418
"Eopsetta _ jordani","Petrale sole - Pacific Coast",1.92857142857143,2.15384615384615,2.04120879120879
"Epinephelus _ guttatus","Red hind - Caribbean",2.07142857142857,2,2.03571428571429
"Epinephelus _ itajara","Goliath grouper - Gulf of Mexico",1.78571428571429,1.92307692307692,1.8543956043956
"Epinephelus _ itajara","Goliath grouper - Southern Atlantic Coast / Gulf of Mexico",1.78571428571429,1.84615384615385,1.81593406593407
"Epinephelus _ morio","Red grouper - Gulf of Mexico",2.07142857142857,2.23076923076923,2.1510989010989
"Epinephelus _ morio","Red grouper - Southern Atlantic Coast",2.07142857142857,2,2.03571428571429
"Etelis _ carbunculus","American Samoa Bottomfish Multi-species Complex",1.78571428571429,1.92307692307692,1.8543956043956
"Etelis _ carbunculus","Guam Bottomfish Multi-species Complex",1.78571428571429,1.92307692307692,1.8543956043956
"Etelis _ carbunculus","Northern Mariana Islands Bottomfish Multi-species Complex",1.78571428571429,1.92307692307692,1.8543956043956
"Etelis _ carbunculus","Main Hawaiian Islands Deep 7 Bottomfish Multi-species Complex",1.78571428571429,1.92307692307692,1.8543956043956
"Etelis _ coruscans","American Samoa Bottomfish Multi-species Complex",1.85714285714286,1.92307692307692,1.89010989010989
"Etelis _ coruscans","Guam Bottomfish Multi-species Complex",1.85714285714286,1.92307692307692,1.89010989010989
"Etelis _ coruscans","Northern Mariana Islands Bottomfish Multi-species Complex",1.85714285714286,1.92307692307692,1.89010989010989
"Etelis _ coruscans","Main Hawaiian Islands Deep 7 Bottomfish Multi-species Complex",1.85714285714286,1.92307692307692,1.89010989010989
"Etelis _ oculatus","Queen snapper - Caribbean",1.92857142857143,1.69230769230769,1.81043956043956
"Farfantepenaeus _ aztecus","Brown shrimp - Gulf of Mexico",2.14285714285714,2.07692307692308,2.10989010989011
"Farfantepenaeus _ aztecus","Brown shrimp - Southern Atlantic Coast",2.14285714285714,1.69230769230769,1.91758241758242
"Farfantepenaeus _ duorarum","Pink shrimp - Gulf of Mexico",2.14285714285714,2.07692307692308,2.10989010989011
"Farfantepenaeus _ duorarum","Pink shrimp - Southern Atlantic Coast",2.14285714285714,1.69230769230769,1.91758241758242
"Gadus _ chalcogrammus","Walleye pollock - Aleutian Islands",1.85714285714286,2,1.92857142857143
"Gadus _ chalcogrammus","Walleye pollock - Bogoslof",1.85714285714286,2,1.92857142857143
"Gadus _ chalcogrammus","Walleye pollock - Eastern Bering Sea",1.85714285714286,2.07692307692308,1.96703296703297
"Gadus _ chalcogrammus","Walleye pollock - Southeast Gulf of Alaska",1.85714285714286,1.92307692307692,1.89010989010989
"Gadus _ chalcogrammus","Walleye pollock - Western / Central / West Yakutat Gulf of Alaska",1.85714285714286,1.92307692307692,1.89010989010989
"Gadus _ macrocephalus","Pacific cod - Aleutian Islands",1.92857142857143,1.69230769230769,1.81043956043956
"Gadus _ macrocephalus","Pacific cod - Bering Sea",1.92857142857143,2.07692307692308,2.00274725274725
"Gadus _ macrocephalus","Pacific cod - Gulf of Alaska",1.92857142857143,2.15384615384615,2.04120879120879
"Gadus _ morhua","Atlantic cod - Eastern Georges Bank",2,1.76923076923077,1.88461538461538
"Gadus _ morhua","Atlantic cod - Georges Bank",2,1.84615384615385,1.92307692307692
"Gadus _ morhua","Atlantic cod - Gulf of Maine",2,1.92307692307692,1.96153846153846
"Glyptocephalus _ cynoglossus","Witch flounder - Northwestern Atlantic Coast",1.85714285714286,1.69230769230769,1.77472527472527
"Glyptocephalus _ zachirus","Bering Sea / Aleutian Islands Other Flatfish Complex",1.85714285714286,1.76923076923077,1.81318681318681
"Glyptocephalus _ zachirus","Rex sole - Eastern Gulf of Alaska",1.85714285714286,1.76923076923077,1.81318681318681
"Glyptocephalus _ zachirus","Rex sole - Gulf of Alaska",1.85714285714286,2.07692307692308,1.96703296703297
"Glyptocephalus _ zachirus","Rex sole - Pacific Coast",1.85714285714286,1.76923076923077,1.81318681318681
"Glyptocephalus _ zachirus","Rex sole - Western / Central Gulf of Alaska",1.85714285714286,1.76923076923077,1.81318681318681
"Gymnocanthus _ detrisus","Bering Sea / Aleutian Islands Sculpin Complex",1.78571428571429,1.92307692307692,1.8543956043956
"Gymnocanthus _ galeatus","Bering Sea / Aleutian Islands Sculpin Complex",1.78571428571429,1.92307692307692,1.8543956043956
"Gymnocanthus _ tricuspis","Bering Sea / Aleutian Islands Sculpin Complex",2.21428571428571,1.76923076923077,1.99175824175824
"Hemilepidotus _ hemilepidotus","Bering Sea / Aleutian Islands Sculpin Complex",2.07142857142857,1.92307692307692,1.99725274725275
"Hemilepidotus _ jordani","Bering Sea / Aleutian Islands Sculpin Complex",2.07142857142857,1.92307692307692,1.99725274725275
"Hemilepidotus _ jordani","Gulf of Alaska Sculpin Complex",2.07142857142857,1.92307692307692,1.99725274725275
"Hemilepidotus _ papilio","Bering Sea / Aleutian Islands Sculpin Complex",2.07142857142857,1.92307692307692,1.99725274725275
"Hemitripterus _ bolini","Bering Sea / Aleutian Islands Sculpin Complex",2.35714285714286,1.76923076923077,2.06318681318681
"Hemitripterus _ bolini","Gulf of Alaska Sculpin Complex",2.35714285714286,1.76923076923077,2.06318681318681
"Hexagrammos _ decagrammus","Kelp greenling - Oregon",2.14285714285714,1.76923076923077,1.95604395604396
"Hippoglossoides _ elassodon","Flathead sole - Bering Sea / Aleutian Islands",2.14285714285714,1.84615384615385,1.99450549450549
"Hippoglossoides _ elassodon","Flathead sole - Gulf of Alaska",2.14285714285714,2.23076923076923,2.18681318681319
"Hippoglossoides _ platessoides","American plaice - Gulf of Maine / Georges Bank",1.85714285714286,2.23076923076923,2.04395604395604
"Hippoglossus _ hippoglossus","Atlantic halibut - Northwestern Atlantic Coast",1.85714285714286,2.07692307692308,1.96703296703297
"Hippoglossus _ stenolepis","Pacific halibut - Pacific Coast / Alaska",2,2,2
"Hipposcarus _ longiceps","Pacific longnose parrotfish - Guam",2.21428571428571,1.69230769230769,1.9532967032967
"Hyporthodus _ flavolimbatus","Yellowedge grouper - Gulf of Mexico",2,2,2
"Hyporthodus _ niveatus","Snowy grouper - Southern Atlantic Coast",1.85714285714286,1.92307692307692,1.89010989010989
"Hyporthodus _ quernus","Main Hawaiian Islands Deep 7 Bottomfish Multi-species Complex",2.07142857142857,2,2.03571428571429
"Icelus _ spatula","Bering Sea / Aleutian Islands Sculpin Complex",2.28571428571429,1.92307692307692,2.1043956043956
"Icelus _ spiniger","Bering Sea / Aleutian Islands Sculpin Complex",2.07142857142857,1.92307692307692,1.99725274725275
"Illex _ illecebrosus","Northern shortfin squid - Northwestern Atlantic Coast",2.07142857142857,2.07692307692308,2.07417582417582
"Isopsetta _ isolepis","Bering Sea / Aleutian Islands Other Flatfish Complex",2.14285714285714,1.76923076923077,1.95604395604396
"Isopsetta _ isolepis","Gulf of Alaska Shallow Water Flatfish Complex",2.14285714285714,1.76923076923077,1.95604395604396
"Istiophorus _ platypterus","Sailfish - Western Atlantic",2.35714285714286,2,2.17857142857143
"Isurus _ oxyrinchus","Shortfin mako - North Atlantic",1.85714285714286,2.30769230769231,2.08241758241758
"Isurus _ oxyrinchus","Shortfin mako - North Pacific",1.85714285714286,2.23076923076923,2.04395604395604
"Kajikia _ albida","White marlin - Atlantic",2.28571428571429,1.92307692307692,2.1043956043956
"Kajikia _ audax","Striped marlin - Eastern Pacific",2.42857142857143,1.92307692307692,2.17582417582418
"Kajikia _ audax","Striped marlin - Western and Central North Pacific",2.42857142857143,2.07692307692308,2.25274725274725
"Katsuwonus _ pelamis","Skipjack tuna - Eastern Pacific",2.57142857142857,1.61538461538462,2.09340659340659
"Katsuwonus _ pelamis","Skipjack tuna - Western Atlantic",2.57142857142857,1.61538461538462,2.09340659340659
"Katsuwonus _ pelamis","Skipjack tuna - Western and Central Pacific",2.57142857142857,1.84615384615385,2.20879120879121
"Lachnolaimus _ maximus","Hogfish - Carolinas",2,2.07692307692308,2.03846153846154
"Lachnolaimus _ maximus","Hogfish - Eastern Gulf of Mexico",2,2.15384615384615,2.07692307692308
"Lachnolaimus _ maximus","Hogfish - Florida Keys / East Florida",2,2,2
"Lamna _ ditropis","Bering Sea / Aleutian Islands Shark Complex",1.85714285714286,1.76923076923077,1.81318681318681
"Lamna _ ditropis","Gulf of Alaska Shark Complex",1.85714285714286,1.84615384615385,1.85164835164835
"Lamna _ nasus","Porbeagle - Northwestern Atlantic",2,2.15384615384615,2.07692307692308
"Lepidopsetta _ bilineata","Rock sole - Central Gulf of Alaska",1.71428571428571,1.92307692307692,1.81868131868132
"Lepidopsetta _ bilineata","Rock sole - Gulf of Alaska",1.71428571428571,1.92307692307692,1.81868131868132
"Lepidopsetta _ bilineata","Rock sole - Western Gulf of Alaska",1.71428571428571,1.92307692307692,1.81868131868132
"Lepidopsetta _ bilineata","Gulf of Alaska Shallow Water Flatfish Complex",1.71428571428571,1.92307692307692,1.81868131868132
"Lepidopsetta _ polyxystra","Gulf of Alaska Shallow Water Flatfish Complex",2.21428571428571,1.69230769230769,1.9532967032967
"Lepidopsetta _ polyxystra","Northern rock sole - Bering Sea / Aleutian Islands",2.21428571428571,1.69230769230769,1.9532967032967
"Lepidopsetta _ polyxystra","Northern rock sole - Central Gulf of Alaska",2.21428571428571,1.69230769230769,1.9532967032967
"Lepidopsetta _ polyxystra","Northern rock sole - Gulf of Alaska",2.21428571428571,1.69230769230769,1.9532967032967
"Lepidopsetta _ polyxystra","Northern rock sole - Western Gulf of Alaska",2.21428571428571,1.69230769230769,1.9532967032967
"Lethrinus _ olivaceus","Longnose emperor - Guam",1.92857142857143,1.92307692307692,1.92582417582418
"Lethrinus _ rubrioperculatus","American Samoa Bottomfish Multi-species Complex",2,1.92307692307692,1.96153846153846
"Lethrinus _ rubrioperculatus","Guam Bottomfish Multi-species Complex",2,1.92307692307692,1.96153846153846
"Lethrinus _ rubrioperculatus","Northern Mariana Islands Bottomfish Multi-species Complex",2,1.92307692307692,1.96153846153846
"Lethrinus _ xanthochilus","Yellowlip emperor - Guam",1.85714285714286,1.92307692307692,1.89010989010989
"Leucoraja _ erinacea","Little skate - Georges Bank / Southern New England",1.85714285714286,2.30769230769231,2.08241758241758
"Leucoraja _ garmani","Rosette skate - Southern New England / Mid-Atlantic",1.92857142857143,2.53846153846154,2.23351648351648
"Leucoraja _ ocellata","Winter skate - Georges Bank / Southern New England",1.85714285714286,2.46153846153846,2.15934065934066
"Limanda _ aspera","Gulf of Alaska Shallow Water Flatfish Complex",2,1.84615384615385,1.92307692307692
"Limanda _ aspera","Yellowfin sole - Bering Sea / Aleutian Islands",2,2.23076923076923,2.11538461538462
"Limanda _ ferruginea","Yellowtail flounder - Cape Cod / Gulf of Maine",1.78571428571429,2.07692307692308,1.93131868131868
"Limanda _ ferruginea","Yellowtail flounder - Georges Bank",1.78571428571429,2,1.89285714285714
"Limanda _ ferruginea","Yellowtail flounder - Southern New England / Mid-Atlantic",1.78571428571429,1.92307692307692,1.8543956043956
"Limanda _ proboscidea","Bering Sea / Aleutian Islands Other Flatfish Complex",2,1.76923076923077,1.88461538461538
"Limanda _ sakhalinensis","Bering Sea / Aleutian Islands Other Flatfish Complex",2,1.76923076923077,1.88461538461538
"Liopsetta _ glacialis","Bering Sea / Aleutian Islands Other Flatfish Complex",1.85714285714286,1.92307692307692,1.89010989010989
"Lithodes _ aequispinus","Golden king crab - Aleutian Islands",2.07142857142857,2.30769230769231,2.18956043956044
"Lithodes _ aequispinus","Golden king crab - Eastern Aleutian Islands",2.07142857142857,2,2.03571428571429
"Lithodes _ aequispinus","Golden king crab - Pribilof Islands",2.07142857142857,2.07692307692308,2.07417582417582
"Lithodes _ aequispinus","Golden king crab - Western Aleutian Islands",2.07142857142857,2,2.03571428571429
"Litopenaeus _ setiferus","White shrimp - Gulf of Mexico",2.21428571428571,2.07692307692308,2.1456043956044
"Litopenaeus _ setiferus","White shrimp - Southern Atlantic Coast",2.21428571428571,1.69230769230769,1.9532967032967
"Loligo _ pealeii","Longfin inshore squid - Georges Bank / Cape Hatteras",2.07142857142857,1.76923076923077,1.92032967032967
"Lophius _ americanus","Goosefish - Gulf of Maine / Northern Georges Bank",2.07142857142857,2.15384615384615,2.11263736263736
"Lophius _ americanus","Goosefish - Southern Georges Bank / Mid-Atlantic",2.07142857142857,2.15384615384615,2.11263736263736
"Lopholatilus _ chamaeleonticeps","Tilefish - Gulf of Mexico",1.71428571428571,2,1.85714285714286
"Lopholatilus _ chamaeleonticeps","Tilefish - Mid-Atlantic Coast",1.71428571428571,2.23076923076923,1.97252747252747
"Lopholatilus _ chamaeleonticeps","Tilefish - Southern Atlantic Coast",1.71428571428571,2.23076923076923,1.97252747252747
"Lutjanus _ analis","Mutton snapper - Southern Atlantic Coast / Gulf of Mexico",2.21428571428571,2,2.10714285714286
"Lutjanus _ campechanus","Red snapper - Gulf of Mexico",2.28571428571429,1.84615384615385,2.06593406593407
"Lutjanus _ campechanus","Red snapper - Southern Atlantic Coast",2.28571428571429,1.84615384615385,2.06593406593407
"Lutjanus _ fulvus","Blacktail snapper - Guam",2,1.92307692307692,1.96153846153846
"Lutjanus _ gibbus","Humpback red snapper - Guam",2,1.92307692307692,1.96153846153846
"Lutjanus _ griseus","Gray snapper - Gulf of Mexico",2.07142857142857,2.07692307692308,2.07417582417582
"Lutjanus _ kasmira","American Samoa Bottomfish Multi-species Complex",2.28571428571429,1.69230769230769,1.98901098901099
"Lutjanus _ kasmira","Guam Bottomfish Multi-species Complex",2.28571428571429,1.69230769230769,1.98901098901099
"Lutjanus _ kasmira","Northern Mariana Islands Bottomfish Multi-species Complex",2.28571428571429,1.69230769230769,1.98901098901099
"Lutjanus _ synagris","Lane snapper - Gulf of Mexico",2.5,1.92307692307692,2.21153846153846
"Lutjanus _ vivanus","Silk snapper - Caribbean",1.78571428571429,1.84615384615385,1.81593406593407
"Lyopsetta _ exilis","Bering Sea / Aleutian Islands Other Flatfish Complex",1.85714285714286,1.92307692307692,1.89010989010989
"Makaira _ nigricans","Blue marlin - Atlantic",2,2,2
"Makaira _ nigricans","Blue marlin - Pacific",2,2.07692307692308,2.03846153846154
"Malacocottus _ kincaidi","Bering Sea / Aleutian Islands Sculpin Complex",1.78571428571429,1.92307692307692,1.8543956043956
"Malacocottus _ zonurus","Bering Sea / Aleutian Islands Sculpin Complex",1.78571428571429,1.92307692307692,1.8543956043956
"Malacoraja _ senta","Smooth skate - Gulf of Maine",1.85714285714286,2.53846153846154,2.1978021978022
"Melanogrammus _ aeglefinus","Haddock - Eastern Georges Bank",2.07142857142857,1.69230769230769,1.88186813186813
"Melanogrammus _ aeglefinus","Haddock - Georges Bank",2.07142857142857,1.92307692307692,1.99725274725275
"Melanogrammus _ aeglefinus","Haddock - Gulf of Maine",2.07142857142857,1.76923076923077,1.92032967032967
"Merluccius _ albidus","Offshore hake - Northwestern Atlantic Coast",2.28571428571429,1.53846153846154,1.91208791208791
"Merluccius _ bilinearis","Silver hake - Gulf of Maine / Northern Georges Bank",2.07142857142857,2.23076923076923,2.1510989010989
"Merluccius _ bilinearis","Silver hake - Southern Georges Bank / Mid-Atlantic",2.07142857142857,2.07692307692308,2.07417582417582
"Merluccius _ productus","Pacific hake - Pacific Coast",1.85714285714286,1.92307692307692,1.89010989010989
"Microstomus _ pacificus","Bering Sea / Aleutian Islands Other Flatfish Complex",1.42857142857143,1.92307692307692,1.67582417582418
"Microstomus _ pacificus","Dover sole - Gulf of Alaska",1.42857142857143,1.92307692307692,1.67582417582418
"Microstomus _ pacificus","Dover sole - Pacific Coast",1.42857142857143,2.15384615384615,1.79120879120879
"Monotaxis _ grandoculis","Bigeye bream - Guam",2.14285714285714,1.76923076923077,1.95604395604396
"Mulloidichthys _ flavolineatus","Yellowstripe goatfish - Main Hawaiian Islands",2.57142857142857,1.61538461538462,2.09340659340659
"Mulloidichthys _ vanicolensis","Yellowfin goatfish - Main Hawaiian Islands",2.57142857142857,1.61538461538462,2.09340659340659
"Mustelus _ canis","Gulf Smoothhound Complex",1.85714285714286,1.92307692307692,1.89010989010989
"Mustelus _ canis","Smooth dogfish - Atlantic",1.85714285714286,2.30769230769231,2.08241758241758
"Mustelus _ norrisi","Gulf Smoothhound Complex",1.92857142857143,1.92307692307692,1.92582417582418
"Mustelus _ sinusmexicanus","Gulf Smoothhound Complex",1.92857142857143,1.92307692307692,1.92582417582418
"Mycteroperca _ bonaci","Black grouper - Southern Atlantic Coast / Gulf of Mexico",1.92857142857143,1.92307692307692,1.92582417582418
"Mycteroperca _ microlepis","Gag - Gulf of Mexico",1.85714285714286,2.15384615384615,2.00549450549451
"Mycteroperca _ microlepis","Gag - Southern Atlantic Coast",1.85714285714286,2.07692307692308,1.96703296703297
"Mycteroperca _ phenax","Scamp - Gulf of Mexico",1.92857142857143,2.07692307692308,2.00274725274725
"Myoxocephalus _ jaok","Bering Sea / Aleutian Islands Sculpin Complex",2.07142857142857,1.84615384615385,1.95879120879121
"Myoxocephalus _ polyacanthocephalus","Bering Sea / Aleutian Islands Sculpin Complex",2,1.92307692307692,1.96153846153846
"Myoxocephalus _ polyacanthocephalus","Gulf of Alaska Sculpin Complex",2,1.92307692307692,1.96153846153846
"Myoxocephalus _ scorpius","Bering Sea / Aleutian Islands Sculpin Complex",2.28571428571429,1.76923076923077,2.02747252747253
"Naso _ brevirostris","Shortnosed unicornfish - Main Hawaiian Islands",1.92857142857143,1.69230769230769,1.81043956043956
"Naso _ hexacanthus","Sleek unicornfish - Main Hawaiian Islands",1.78571428571429,1.69230769230769,1.73901098901099
"Naso _ unicornis","Bluespine unicornfish - Guam",1.92857142857143,1.69230769230769,1.81043956043956
"Nautichthys _ oculofasciatus","Bering Sea / Aleutian Islands Sculpin Complex",2.35714285714286,1.76923076923077,2.06318681318681
"Nautichthys _ pribilovius","Bering Sea / Aleutian Islands Sculpin Complex",2.35714285714286,1.76923076923077,2.06318681318681
"Ocyurus _ chrysurus","Yellowtail snapper - Southern Atlantic Coast / Gulf of Mexico",2.21428571428571,2.30769230769231,2.26098901098901
"Oncorhynchus _ gorbuscha","Pink salmon - Puget Sound",2.35714285714286,1.84615384615385,2.10164835164835
"Oncorhynchus _ kisutch","Coho salmon - Auke Creek",2.42857142857143,1.69230769230769,2.06043956043956
"Oncorhynchus _ kisutch","Coho salmon - Berners River",2.42857142857143,1.69230769230769,2.06043956043956
"Oncorhynchus _ kisutch","Coho salmon - Ford Arm Lake",2.42857142857143,1.69230769230769,2.06043956043956
"Oncorhynchus _ kisutch","Coho salmon - Hugh Smith Lake",2.42857142857143,1.69230769230769,2.06043956043956
"Oncorhynchus _ kisutch","Coho salmon - Oregon Production Index Area: Central California Coast",2.42857142857143,1.76923076923077,2.0989010989011
"Oncorhynchus _ kisutch","Coho salmon - Oregon Production Index Area: Columbia River Early Hatchery",2.42857142857143,1.69230769230769,2.06043956043956
"Oncorhynchus _ kisutch","Coho salmon - Oregon Production Index Area: Columbia River Late Hatchery",2.42857142857143,1.69230769230769,2.06043956043956
"Oncorhynchus _ kisutch","Coho salmon - Oregon Production Index Area: Lower Columbia Natural",2.42857142857143,1.76923076923077,2.0989010989011
"Oncorhynchus _ kisutch","Coho salmon - Oregon Production Index Area: Oregon Coast Hatchery",2.42857142857143,1.69230769230769,2.06043956043956
"Oncorhynchus _ kisutch","Coho salmon - Oregon Production Index Area: Oregon Coast Natural",2.42857142857143,1.76923076923077,2.0989010989011
"Oncorhynchus _ kisutch","Coho salmon - Oregon Production Index Area: Southern Oregon/Northern California Coast",2.42857142857143,1.76923076923077,2.0989010989011
"Oncorhynchus _ kisutch","Coho salmon - Puget Sound: Hood Canal",2.42857142857143,1.69230769230769,2.06043956043956
"Oncorhynchus _ kisutch","Coho salmon - Puget Sound: Skagit",2.42857142857143,1.84615384615385,2.13736263736264
"Oncorhynchus _ kisutch","Coho salmon - Puget Sound: Snohomish",2.42857142857143,1.69230769230769,2.06043956043956
"Oncorhynchus _ kisutch","Coho salmon - Puget Sound: South Puget Sound Hatchery",2.42857142857143,1.69230769230769,2.06043956043956
"Oncorhynchus _ kisutch","Coho salmon - Puget Sound: Stillaguamish",2.42857142857143,1.69230769230769,2.06043956043956
"Oncorhynchus _ kisutch","Coho salmon - Washington Coast: Grays Harbor",2.42857142857143,1.92307692307692,2.17582417582418
"Oncorhynchus _ kisutch","Coho salmon - Washington Coast: Hoh",2.42857142857143,1.92307692307692,2.17582417582418
"Oncorhynchus _ kisutch","Coho salmon - Washington Coast: Queets",2.42857142857143,1.92307692307692,2.17582417582418
"Oncorhynchus _ kisutch","Coho salmon - Washington Coast: Quillayute Fall",2.42857142857143,1.76923076923077,2.0989010989011
"Oncorhynchus _ kisutch","Coho salmon - Washington Coast: Quillayute Summer Hatchery",2.42857142857143,1.76923076923077,2.0989010989011
"Oncorhynchus _ kisutch","Coho salmon - Washington Coast: Quinault Hatchery",2.42857142857143,1.76923076923077,2.0989010989011
"Oncorhynchus _ kisutch","Coho salmon - Washington Coast: Strait of Juan de Fuca",2.42857142857143,1.92307692307692,2.17582417582418
"Oncorhynchus _ kisutch","Coho salmon - Washington Coast: Willapa Bay Hatchery",2.42857142857143,1.76923076923077,2.0989010989011
"Oncorhynchus _ kisutch","Coho salmon - Washington Coast: Willapa Bay Natural",2.42857142857143,1.76923076923077,2.0989010989011
"Oncorhynchus _ tshawytscha","Chinook salmon - California Central Valley: Sacramento River Fall",2.28571428571429,1.76923076923077,2.02747252747253
"Oncorhynchus _ tshawytscha","Chinook salmon - California Central Valley: Sacramento River Spring",2.28571428571429,1.76923076923077,2.02747252747253
"Oncorhynchus _ tshawytscha","Chinook salmon - California Central Valley: Sacramento River Winter",2.28571428571429,1.92307692307692,2.1043956043956
"Oncorhynchus _ tshawytscha","Chinook salmon - Columbia River Basin: Lower River Hatchery Fall",2.28571428571429,1.84615384615385,2.06593406593407
"Oncorhynchus _ tshawytscha","Chinook salmon - Columbia River Basin: Lower River Hatchery Spring",2.28571428571429,1.69230769230769,1.98901098901099
"Oncorhynchus _ tshawytscha","Chinook salmon - Columbia River Basin: Mid-River Bright Hatchery Fall",2.28571428571429,1.76923076923077,2.02747252747253
"Oncorhynchus _ tshawytscha","Chinook salmon - Columbia River Basin: North Lewis River Fall",2.28571428571429,1.84615384615385,2.06593406593407
"Oncorhynchus _ tshawytscha","Chinook salmon - Columbia River Basin: Snake River Fall",2.28571428571429,1.84615384615385,2.06593406593407
"Oncorhynchus _ tshawytscha","Chinook salmon - Columbia River Basin: Snake River Spring/Summer",2.28571428571429,1.84615384615385,2.06593406593407
"Oncorhynchus _ tshawytscha","Chinook salmon - Columbia River Basin: Spring Creek Hatchery Fall",2.28571428571429,1.76923076923077,2.02747252747253
"Oncorhynchus _ tshawytscha","Chinook salmon - Columbia River Basin: Upper River Bright Fall",2.28571428571429,1.76923076923077,2.02747252747253
"Oncorhynchus _ tshawytscha","Chinook salmon - Columbia River Basin: Upper River Spring",2.28571428571429,1.84615384615385,2.06593406593407
"Oncorhynchus _ tshawytscha","Chinook salmon - Columbia River Basin: Upper River Summer",2.28571428571429,1.69230769230769,1.98901098901099
"Oncorhynchus _ tshawytscha","Chinook salmon - Columbia River Basin: Upper Willamette Spring",2.28571428571429,1.84615384615385,2.06593406593407
"Oncorhynchus _ tshawytscha","Chinook salmon - Eastern North Pacific Far North Migrating",2.28571428571429,1.76923076923077,2.02747252747253
"Oncorhynchus _ tshawytscha","Chinook salmon - Northern California Coast: California Coastal",2.28571428571429,1.84615384615385,2.06593406593407
"Oncorhynchus _ tshawytscha","Chinook salmon - Northern California Coast: Klamath River Fall",2.28571428571429,1.84615384615385,2.06593406593407
"Oncorhynchus _ tshawytscha","Chinook salmon - Northern California Coast: Klamath River Spring",2.28571428571429,1.46153846153846,1.87362637362637
"Oncorhynchus _ tshawytscha","Chinook salmon - Oregon Coast: Central and Northern Oregon",2.28571428571429,1.69230769230769,1.98901098901099
"Oncorhynchus _ tshawytscha","Chinook salmon - Oregon Coast: Southern Oregon",2.28571428571429,1.69230769230769,1.98901098901099
"Oncorhynchus _ tshawytscha","Chinook salmon - Puget Sound: Cedar River Summer/Fall",2.28571428571429,1.76923076923077,2.02747252747253
"Oncorhynchus _ tshawytscha","Chinook salmon - Puget Sound: Eastern Strait of Juan de Fuca Summer/Fall",2.28571428571429,1.84615384615385,2.06593406593407
"Oncorhynchus _ tshawytscha","Chinook salmon - Puget Sound: Green River Summer/Fall",2.28571428571429,1.76923076923077,2.02747252747253
"Oncorhynchus _ tshawytscha","Chinook salmon - Puget Sound: Mid Hood Canal Summer/Fall",2.28571428571429,1.84615384615385,2.06593406593407
"Oncorhynchus _ tshawytscha","Chinook salmon - Puget Sound: Nisqually River Summer/Fall",2.28571428571429,1.76923076923077,2.02747252747253
"Oncorhynchus _ tshawytscha","Chinook salmon - Puget Sound: Nooksack Spring Early",2.28571428571429,1.76923076923077,2.02747252747253
"Oncorhynchus _ tshawytscha","Chinook salmon - Puget Sound: Puyallup Summer/Fall",2.28571428571429,1.76923076923077,2.02747252747253
"Oncorhynchus _ tshawytscha","Chinook salmon - Puget Sound: Skagit Spring",2.28571428571429,1.76923076923077,2.02747252747253
"Oncorhynchus _ tshawytscha","Chinook salmon - Puget Sound: Skagit Summer/Fall",2.28571428571429,1.76923076923077,2.02747252747253
"Oncorhynchus _ tshawytscha","Chinook salmon - Puget Sound: Snohomish Summer/Fall",2.28571428571429,1.92307692307692,2.1043956043956
"Oncorhynchus _ tshawytscha","Chinook salmon - Puget Sound: Stillaguamish Summer/Fall",2.28571428571429,1.92307692307692,2.1043956043956
"Oncorhynchus _ tshawytscha","Chinook salmon - Puget Sound: White River Spring",2.28571428571429,1.69230769230769,1.98901098901099
"Oncorhynchus _ tshawytscha","Chinook salmon - Washington Coast: Grays Harbor Fall",2.28571428571429,1.76923076923077,2.02747252747253
"Oncorhynchus _ tshawytscha","Chinook salmon - Washington Coast: Grays Harbor Spring",2.28571428571429,1.84615384615385,2.06593406593407
"Oncorhynchus _ tshawytscha","Chinook salmon - Washington Coast: Hoh Fall",2.28571428571429,1.84615384615385,2.06593406593407
"Oncorhynchus _ tshawytscha","Chinook salmon - Washington Coast: Hoh Spring/Summer",2.28571428571429,1.84615384615385,2.06593406593407
"Oncorhynchus _ tshawytscha","Chinook salmon - Washington Coast: Hoko Summer/Fall",2.28571428571429,1.76923076923077,2.02747252747253
"Oncorhynchus _ tshawytscha","Chinook salmon - Washington Coast: Queets Fall",2.28571428571429,1.76923076923077,2.02747252747253
"Oncorhynchus _ tshawytscha","Chinook salmon - Washington Coast: Queets Spring/Summer",2.28571428571429,1.76923076923077,2.02747252747253
"Oncorhynchus _ tshawytscha","Chinook salmon - Washington Coast: Quillayute Fall",2.28571428571429,1.76923076923077,2.02747252747253
"Oncorhynchus _ tshawytscha","Chinook salmon - Washington Coast: Quillayute Spring/Summer",2.28571428571429,1.76923076923077,2.02747252747253
"Oncorhynchus _ tshawytscha","Chinook salmon - Washington Coast: Quinault Fall Hatchery",2.28571428571429,1.76923076923077,2.02747252747253
"Oncorhynchus _ tshawytscha","Chinook salmon - Washington Coast: Willapa Bay Fall Hatchery",2.28571428571429,1.76923076923077,2.02747252747253
"Oncorhynchus _ tshawytscha","Chinook salmon - Washington Coast: Willapa Bay Fall Natural",2.28571428571429,1.76923076923077,2.02747252747253
"Ophiodon _ elongatus","Lingcod - Northern Pacific Coast",2.14285714285714,1.84615384615385,1.99450549450549
"Ophiodon _ elongatus","Lingcod - Southern Pacific Coast",2.14285714285714,1.84615384615385,1.99450549450549
"Pagrus _ pagrus","Red porgy - Southern Atlantic Coast",2.28571428571429,2,2.14285714285714
"Panulirus _ argus","Caribbean spiny lobster - Puerto Rico",2.07142857142857,2.38461538461538,2.22802197802198
"Panulirus _ argus","Caribbean spiny lobster - Southern Atlantic Coast / Gulf of Mexico",2.07142857142857,1.92307692307692,1.99725274725275
"Panulirus _ argus","Caribbean spiny lobster - St. Croix",2.07142857142857,2.38461538461538,2.22802197802198
"Panulirus _ argus","Caribbean spiny lobster - St. Thomas / St. John",2.07142857142857,2.38461538461538,2.22802197802198
"Paralichthys _ dentatus","Summer flounder - Mid-Atlantic Coast",2.64285714285714,2.30769230769231,2.47527472527473
"Paralithodes _ camtschaticus","Red king crab - Bristol Bay",2,2.30769230769231,2.15384615384615
"Paralithodes _ camtschaticus","Red king crab - Norton Sound",2,2.46153846153846,2.23076923076923
"Paralithodes _ camtschaticus","Red king crab - Pribilof Islands",2,2.07692307692308,2.03846153846154
"Paralithodes _ camtschaticus","Red king crab - Western Aleutian Islands",2,2.07692307692308,2.03846153846154
"Paralithodes _ platypus","Blue king crab - Pribilof Islands",2,2.15384615384615,2.07692307692308
"Paralithodes _ platypus","Blue king crab - Saint Matthew Island",2,2.30769230769231,2.15384615384615
"Parophrys _ vetulus","Bering Sea / Aleutian Islands Other Flatfish Complex",2,1.92307692307692,1.96153846153846
"Parophrys _ vetulus","English sole - Pacific Coast",2,2.23076923076923,2.11538461538462
"Parophrys _ vetulus","Gulf of Alaska Shallow Water Flatfish Complex",2,1.92307692307692,1.96153846153846
"Parupeneus _ insularis","Twosaddle goatfish - Main Hawaiian Islands",2.28571428571429,1.69230769230769,1.98901098901099
"Parupeneus _ porphyreus","Goatfish (Parupeneus porphyreus) - Main Hawaiian Islands",2.28571428571429,1.69230769230769,1.98901098901099
"Patinopecten _ caurinus","Weathervane scallop - Alaska",2.07142857142857,2.15384615384615,2.11263736263736
"Peprilus _ triacanthus","Butterfish - Gulf of Maine / Cape Hatteras",2.57142857142857,2.23076923076923,2.4010989010989
"Placopecten _ magellanicus","Sea scallop - Northwestern Atlantic Coast",2,2.38461538461538,2.19230769230769
"Platichthys _ stellatus","Bering Sea / Aleutian Islands Other Flatfish Complex",2.21428571428571,1.84615384615385,2.03021978021978
"Platichthys _ stellatus","Gulf of Alaska Shallow Water Flatfish Complex",2.21428571428571,1.84615384615385,2.03021978021978
"Platichthys _ stellatus","Starry flounder - Northern Pacific Coast",2.21428571428571,1.76923076923077,1.99175824175824
"Platichthys _ stellatus","Starry flounder - Pacific Coast",2.21428571428571,2,2.10714285714286
"Platichthys _ stellatus","Starry flounder - Southern Pacific Coast",2.21428571428571,1.76923076923077,1.99175824175824
"Pleoticus _ robustus","Royal red shrimp - Gulf of Mexico",2.14285714285714,2,2.07142857142857
"Pleurogrammus _ monopterygius","Atka mackerel - Bering Sea / Aleutian Islands",1.92857142857143,2.23076923076923,2.07967032967033
"Pleurogrammus _ monopterygius","Atka mackerel - Gulf of Alaska",1.92857142857143,2,1.96428571428571
"Pleuronectes _ quadrituberculatus","Alaska plaice - Bering Sea / Aleutian Islands",1.85714285714286,2.23076923076923,2.04395604395604
"Pleuronectes _ quadrituberculatus","Gulf of Alaska Shallow Water Flatfish Complex",1.85714285714286,1.84615384615385,1.85164835164835
"Pleuronichthys _ decurrens","Bering Sea / Aleutian Islands Other Flatfish Complex",2.07142857142857,1.92307692307692,1.99725274725275
"Pollachius _ virens","Pollock - Gulf of Maine / Georges Bank",2.14285714285714,2.23076923076923,2.18681318681319
"Polyprion _ americanus","Wreckfish - Southern Atlantic Coast",1.5,2,1.75
"Pomatomus _ saltatrix","Bluefish - Atlantic Coast",2.57142857142857,2,2.28571428571429
"Prionace _ glauca","Blue shark - North Atlantic",1.71428571428571,2.15384615384615,1.93406593406593
"Prionace _ glauca","Blue shark - North Pacific",1.71428571428571,2.15384615384615,1.93406593406593
"Pristipomoides _ auricilla","Guam Bottomfish Multi-species Complex",2.42857142857143,1.76923076923077,2.0989010989011
"Pristipomoides _ auricilla","Northern Mariana Islands Bottomfish Multi-species Complex",2.42857142857143,1.76923076923077,2.0989010989011
"Pristipomoides _ filamentosus","Crimson jobfish - Main Hawaiian Islands",2,1.92307692307692,1.96153846153846
"Pristipomoides _ filamentosus","American Samoa Bottomfish Multi-species Complex",2.21428571428571,1.84615384615385,2.03021978021978
"Pristipomoides _ filamentosus","Guam Bottomfish Multi-species Complex",2.21428571428571,1.84615384615385,2.03021978021978
"Pristipomoides _ filamentosus","Main Hawaiian Islands Deep 7 Bottomfish Multi-species Complex",2.21428571428571,1.84615384615385,2.03021978021978
"Pristipomoides _ filamentosus","Northern Mariana Islands Bottomfish Multi-species Complex",2.21428571428571,1.84615384615385,2.03021978021978
"Pristipomoides _ flavipinnis","American Samoa Bottomfish Multi-species Complex",2.42857142857143,1.76923076923077,2.0989010989011
"Pristipomoides _ flavipinnis","Guam Bottomfish Multi-species Complex",2.42857142857143,1.76923076923077,2.0989010989011
"Pristipomoides _ flavipinnis","Northern Mariana Islands Bottomfish Multi-species Complex",2.42857142857143,1.76923076923077,2.0989010989011
"Pristipomoides _ sieboldii","Guam Bottomfish Multi-species Complex",2.14285714285714,1.76923076923077,1.95604395604396
"Pristipomoides _ sieboldii","Main Hawaiian Islands Deep 7 Bottomfish Multi-species Complex",2.14285714285714,1.76923076923077,1.95604395604396
"Pristipomoides _ sieboldii","Northern Mariana Islands Bottomfish Multi-species Complex",2.14285714285714,1.76923076923077,1.95604395604396
"Pristipomoides _ zonatus","Main Hawaiian Islands Deep 7 Bottomfish Multi-species Complex",2.14285714285714,1.76923076923077,1.95604395604396
"Pristipomoides _ zonatus","American Samoa Bottomfish Multi-species Complex",2.42857142857143,1.69230769230769,2.06043956043956
"Pristipomoides _ zonatus","Guam Bottomfish Multi-species Complex",2.42857142857143,1.69230769230769,2.06043956043956
"Pristipomoides _ zonatus","Northern Mariana Islands Bottomfish Multi-species Complex",2.42857142857143,1.69230769230769,2.06043956043956
"Psettichthys _ melanostictus","Bering Sea / Aleutian Islands Other Flatfish Complex",1.85714285714286,1.92307692307692,1.89010989010989
"Psettichthys _ melanostictus","Gulf of Alaska Shallow Water Flatfish Complex",1.85714285714286,1.92307692307692,1.89010989010989
"Pseudopleuronectes _ americanus","Winter flounder - Georges Bank",2,2,2
"Pseudopleuronectes _ americanus","Winter flounder - Gulf of Maine",2,1.69230769230769,1.84615384615385
"Pseudopleuronectes _ americanus","Winter flounder - Southern New England / Mid-Atlantic",2,1.92307692307692,1.96153846153846
"Rachycentron _ canadum","Cobia - Gulf of Mexico",2.28571428571429,1.92307692307692,2.1043956043956
"Raja _ binoculata","Bering Sea / Aleutian Islands Skate Complex",1.92857142857143,2,1.96428571428571
"Raja _ binoculata","Big skate - Gulf of Alaska",1.92857142857143,2.07692307692308,2.00274725274725
"Raja _ binoculata","Big skate - Pacific Coast",1.92857142857143,2.30769230769231,2.11813186813187
"Raja _ binoculata","Gulf of Alaska Skate Complex",1.92857142857143,2.07692307692308,2.00274725274725
"Raja _ eglanteria","Clearnose skate - Southern New England / Mid-Atlantic",1.92857142857143,2.38461538461538,2.15659340659341
"Raja _ rhina","Gulf of Alaska Skate Complex",1.85714285714286,2.07692307692308,1.96703296703297
"Raja _ rhina","Longnose skate - Gulf of Alaska",1.85714285714286,2,1.92857142857143
"Raja _ rhina","Longnose skate - Pacific Coast",1.85714285714286,2.53846153846154,2.1978021978022
"Ranina _ ranina","Spanner crab - Main Hawaiian Islands",2.14285714285714,2.07692307692308,2.10989010989011
"Reinhardtius _ hippoglossoides","Greenland halibut - Bering Sea / Aleutian Islands",1.78571428571429,2.46153846153846,2.12362637362637
"Rhizoprionodon _ terraenovae","Atlantic Small Coastal Shark Complex",2.35714285714286,1.84615384615385,2.10164835164835
"Rhizoprionodon _ terraenovae","Atlantic sharpnose shark - Atlantic",2.35714285714286,2.15384615384615,2.25549450549451
"Rhizoprionodon _ terraenovae","Atlantic sharpnose shark - Gulf of Mexico",2.35714285714286,2.15384615384615,2.25549450549451
"Rhomboplites _ aurorubens","Vermilion snapper - Gulf of Mexico",2.35714285714286,2.23076923076923,2.29395604395604
"Rhomboplites _ aurorubens","Vermilion snapper - Southern Atlantic Coast",2.35714285714286,2,2.17857142857143
"Salmo _ salar","Atlantic salmon - Gulf of Maine",2.64285714285714,1.92307692307692,2.28296703296703
"Sardinops _ sagax","Pacific sardine - Northern Subpopulation",2,1.92307692307692,1.96153846153846
"Scarus _ altipinnis","Filament-f inned parrotfish - Guam",1.85714285714286,1.76923076923077,1.81318681318681
"Scarus _ coelestinus","Caribbean Parrotfishes Complex",1.85714285714286,1.69230769230769,1.77472527472527
"Scarus _ coeruleus","Caribbean Parrotfishes Complex",1.85714285714286,1.69230769230769,1.77472527472527
"Scarus _ dubius","Regal parrotfish - Main Hawaiian Islands",1.85714285714286,1.69230769230769,1.77472527472527
"Scarus _ guacamaia","Caribbean Parrotfishes Complex",1.85714285714286,1.69230769230769,1.77472527472527
"Scarus _ iseri","Caribbean Parrotfishes Complex",2.21428571428571,1.69230769230769,1.9532967032967
"Scarus _ psittacus","Palenose parrotfish - Main Hawaiian Islands",2.42857142857143,1.61538461538462,2.02197802197802
"Scarus _ rubroviolaceus","Redlip parrotfish - Guam",2.14285714285714,1.69230769230769,1.91758241758242
"Scarus _ rubroviolaceus","Redlip parrotfish - Main Hawaiian Islands",2.14285714285714,1.61538461538462,1.87912087912088
"Scarus _ taeniopterus","Caribbean Parrotfishes Complex",1.85714285714286,1.69230769230769,1.77472527472527
"Scarus _ vetula","Caribbean Parrotfishes Complex",1.92857142857143,1.69230769230769,1.81043956043956
"Scomber _ japonicus","Pacific chub mackerel - Pacific Coast",2.35714285714286,1.69230769230769,2.02472527472527
"Scomber _ scombrus","Atlantic mackerel - Gulf of Maine / Cape Hatteras",1.85714285714286,1.92307692307692,1.89010989010989
"Scomberomorus _ cavalla","King mackerel - Gulf of Mexico",2.21428571428571,2.30769230769231,2.26098901098901
"Scomberomorus _ cavalla","King mackerel - Southern Atlantic Coast",2.21428571428571,2.30769230769231,2.26098901098901
"Scomberomorus _ maculatus","Spanish mackerel - Gulf of Mexico",2.5,2.07692307692308,2.28846153846154
"Scomberomorus _ maculatus","Spanish mackerel - Southern Atlantic Coast",2.5,2,2.25
"Scophthalmus _ aquosus","Windowpane - Gulf of Maine / Georges Bank",2.42857142857143,2,2.21428571428571
"Scophthalmus _ aquosus","Windowpane - Southern New England / Mid-Atlantic",2.42857142857143,2.07692307692308,2.25274725274725
"Scorpaena _ guttata","California scorpionfish - Southern California",2.07142857142857,2.23076923076923,2.1510989010989
"Scorpaenichthys _ marmoratus","Cabezon - California",2.07142857142857,2.07692307692308,2.07417582417582
"Scorpaenichthys _ marmoratus","Cabezon - Northern California",2.07142857142857,1.92307692307692,1.99725274725275
"Scorpaenichthys _ marmoratus","Cabezon - Oregon",2.07142857142857,1.92307692307692,1.99725274725275
"Scorpaenichthys _ marmoratus","Cabezon - Southern California",2.07142857142857,1.92307692307692,1.99725274725275
"Scorpaenichthys _ marmoratus","Cabezon - Washington",2.07142857142857,1.84615384615385,1.95879120879121
"Sebastes _ aleutianus","Aleutian Islands Blackspotted and Rougheye rockfish Complex",1.35714285714286,1.84615384615385,1.60164835164835
"Sebastes _ aleutianus","Bering Sea / Aleutian Islands Blackspotted and Rougheye Rockfish Complex",1.35714285714286,1.84615384615385,1.60164835164835
"Sebastes _ aleutianus","Eastern Bering Sea Blackspotted and Rougheye Rockfish Complex",1.35714285714286,1.76923076923077,1.56318681318681
"Sebastes _ aleutianus","Gulf of Alaska Blackspotted and Rougheye Rockfish Complex",1.35714285714286,1.84615384615385,1.60164835164835
"Sebastes _ aleutianus","Pacific Coast Blackspotted and Rougheye Rockfish Complex",1.35714285714286,1.84615384615385,1.60164835164835
"Sebastes _ aleutianus","Rougheye rockfish - Gulf of Alaska",1.35714285714286,1.84615384615385,1.60164835164835
"Sebastes _ aleutianus","Rougheye rockfish - Pacific Coast",1.35714285714286,1.76923076923077,1.56318681318681
"Sebastes _ alutus","Pacific ocean perch - Bering Sea / Aleutian Islands",1.35714285714286,2.15384615384615,1.75549450549451
"Sebastes _ alutus","Pacific ocean perch - Gulf of Alaska",1.35714285714286,2.07692307692308,1.71703296703297
"Sebastes _ alutus","Pacific ocean perch - Pacific Coast",1.35714285714286,2.15384615384615,1.75549450549451
"Sebastes _ auriculatus","Brown rockfish - Pacific Coast",1.28571428571429,1.92307692307692,1.6043956043956
"Sebastes _ aurora","Aurora rockfish - Pacific Coast",1.28571428571429,1.92307692307692,1.6043956043956
"Sebastes _ aurora","Gulf of Alaska Other Rockfish Complex",1.28571428571429,1.92307692307692,1.6043956043956
"Sebastes _ babcocki","Gulf of Alaska Other Rockfish Complex",1.28571428571429,1.92307692307692,1.6043956043956
"Sebastes _ borealis","Shortraker rockfish - Bering Sea / Aleutian Islands",1.57142857142857,2.07692307692308,1.82417582417582
"Sebastes _ borealis","Shortraker rockfish - Gulf of Alaska",1.57142857142857,2.23076923076923,1.9010989010989
"Sebastes _ brevispinis","Gulf of Alaska Other Rockfish Complex",1.28571428571429,1.92307692307692,1.6043956043956
"Sebastes _ carnatus","Northern California Gopher / Black-and-Yellow Rockfish Complex",1.28571428571429,1.92307692307692,1.6043956043956
"Sebastes _ caurinus","Copper rockfish - Northern California",1.42857142857143,1.92307692307692,1.67582417582418
"Sebastes _ caurinus","Copper rockfish - Oregon",1.42857142857143,1.92307692307692,1.67582417582418
"Sebastes _ caurinus","Copper rockfish - Southern California",1.42857142857143,1.92307692307692,1.67582417582418
"Sebastes _ caurinus","Copper rockfish - Washington",1.42857142857143,1.92307692307692,1.67582417582418
"Sebastes _ caurinus","Gulf of Alaska Other Rockfish Complex",1.42857142857143,1.92307692307692,1.67582417582418
"Sebastes _ chlorostictus","Greenspotted rockfish - Pacific Coast",1.28571428571429,1.92307692307692,1.6043956043956
"Sebastes _ chrysomelas","Northern California Gopher / Black-and-Yellow Rockfish Complex",1.28571428571429,1.92307692307692,1.6043956043956
"Sebastes _ crameri","Darkblotched rockfish - Pacific Coast",1.28571428571429,2.30769230769231,1.7967032967033
"Sebastes _ crameri","Gulf of Alaska Other Rockfish Complex",1.28571428571429,1.92307692307692,1.6043956043956
"Sebastes _ crocotulus","Vermilion and Sunset Rockfish Complex - Southern California",1.28571428571429,1.92307692307692,1.6043956043956
"Sebastes _ crocotulus","Vermilion and Sunset rockfish Complex - Northern California",1.28571428571429,1.92307692307692,1.6043956043956
"Sebastes _ diaconus","California Blue and Deacon Rockfish Complex",1.5,1.92307692307692,1.71153846153846
"Sebastes _ diaconus","Oregon Blue and Deacon Rockfish Complex",1.5,1.92307692307692,1.71153846153846
"Sebastes _ diploproa","Gulf of Alaska Other Rockfish Complex",1.28571428571429,1.92307692307692,1.6043956043956
"Sebastes _ diploproa","Splitnose rockfish - Pacific Coast",1.28571428571429,2,1.64285714285714
"Sebastes _ elongatus","Greenstriped rockfish - Pacific Coast",1.42857142857143,1.92307692307692,1.67582417582418
"Sebastes _ elongatus","Gulf of Alaska Other Rockfish Complex",1.42857142857143,1.92307692307692,1.67582417582418
"Sebastes _ entomelas","Gulf of Alaska Other Rockfish Complex",1.28571428571429,1.92307692307692,1.6043956043956
"Sebastes _ entomelas","Widow rockfish - Pacific Coast",1.28571428571429,2.15384615384615,1.71978021978022
"Sebastes _ fasciatus","Acadian redfish - Gulf of Maine / Georges Bank",1.71428571428571,2.53846153846154,2.12637362637363
"Sebastes _ flavidus","Gulf of Alaska Other Rockfish Complex",1.28571428571429,1.92307692307692,1.6043956043956
"Sebastes _ flavidus","Yellowtail rockfish - Northern Pacific Coast",1.28571428571429,2.07692307692308,1.68131868131868
"Sebastes _ flavidus","Yellowtail rockfish - Southern Pacific Coast",1.28571428571429,1.92307692307692,1.6043956043956
"Sebastes _ goodei","Chilipepper - Southern Pacific Coast",1.35714285714286,2,1.67857142857143
"Sebastes _ goodei","Gulf of Alaska Other Rockfish Complex",1.35714285714286,1.84615384615385,1.60164835164835
"Sebastes _ helvomaculatus","Gulf of Alaska Other Rockfish Complex",1.28571428571429,1.92307692307692,1.6043956043956
"Sebastes _ hopkinsi","Squarespot rockfish - Pacific Coast",1.57142857142857,1.92307692307692,1.74725274725275
"Sebastes _ jordani","Gulf of Alaska Other Rockfish Complex",1.5,1.76923076923077,1.63461538461538
"Sebastes _ jordani","Shortbelly rockfish - Pacific Coast",1.5,1.84615384615385,1.67307692307692
"Sebastes _ levis","Cowcod - Southern California",1.42857142857143,2.07692307692308,1.75274725274725
"Sebastes _ maliger","Gulf of Alaska Other Rockfish Complex",1.28571428571429,1.92307692307692,1.6043956043956
"Sebastes _ maliger","Quillback rockfish - California",1.28571428571429,1.92307692307692,1.6043956043956
"Sebastes _ maliger","Quillback rockfish - Oregon",1.28571428571429,1.92307692307692,1.6043956043956
"Sebastes _ maliger","Quillback rockfish - Washington",1.28571428571429,1.92307692307692,1.6043956043956
"Sebastes _ melanops","Black rockfish - California",1.42857142857143,2.07692307692308,1.75274725274725
"Sebastes _ melanops","Black rockfish - Northern Pacific Coast",1.42857142857143,1.92307692307692,1.67582417582418
"Sebastes _ melanops","Black rockfish - Oregon",1.42857142857143,1.92307692307692,1.67582417582418
"Sebastes _ melanops","Black rockfish - Southern Pacific Coast",1.42857142857143,1.92307692307692,1.67582417582418
"Sebastes _ melanops","Black rockfish - Washington",1.42857142857143,1.92307692307692,1.67582417582418
"Sebastes _ melanostictus","Aleutian Islands Blackspotted and Rougheye rockfish Complex",1.28571428571429,1.92307692307692,1.6043956043956
"Sebastes _ melanostictus","Bering Sea / Aleutian Islands Blackspotted and Rougheye Rockfish Complex",1.28571428571429,1.92307692307692,1.6043956043956
"Sebastes _ melanostictus","Eastern Bering Sea Blackspotted and Rougheye Rockfish Complex",1.28571428571429,1.84615384615385,1.56593406593407
"Sebastes _ melanostictus","Gulf of Alaska Blackspotted and Rougheye Rockfish Complex",1.28571428571429,1.92307692307692,1.6043956043956
"Sebastes _ melanostictus","Pacific Coast Blackspotted and Rougheye Rockfish Complex",1.28571428571429,1.92307692307692,1.6043956043956
"Sebastes _ melanostomus","Blackgill rockfish - Southern California",1.42857142857143,2.07692307692308,1.75274725274725
"Sebastes _ melanostomus","Gulf of Alaska Other Rockfish Complex",1.42857142857143,2.07692307692308,1.75274725274725
"Sebastes _ miniatus","Gulf of Alaska Other Rockfish Complex",1.28571428571429,1.92307692307692,1.6043956043956
"Sebastes _ miniatus","Vermilion and Sunset Rockfish Complex - Southern California",1.28571428571429,1.92307692307692,1.6043956043956
"Sebastes _ miniatus","Vermilion and Sunset rockfish Complex - Northern California",1.28571428571429,1.92307692307692,1.6043956043956
"Sebastes _ miniatus","Vermilion rockfish - Oregon",1.28571428571429,1.92307692307692,1.6043956043956
"Sebastes _ miniatus","Vermilion rockfish - Washington",1.28571428571429,1.92307692307692,1.6043956043956
"Sebastes _ mystinus","Blue rockfish - Southern California",1.5,1.84615384615385,1.67307692307692
"Sebastes _ mystinus","California Blue and Deacon Rockfish Complex",1.5,1.92307692307692,1.71153846153846
"Sebastes _ mystinus","Oregon Blue and Deacon Rockfish Complex",1.5,1.92307692307692,1.71153846153846
"Sebastes _ nebulosus","China rockfish - Central Pacific Coast",1.28571428571429,1.92307692307692,1.6043956043956
"Sebastes _ nebulosus","China rockfish - Northern Pacific Coast",1.28571428571429,1.92307692307692,1.6043956043956
"Sebastes _ nebulosus","China rockfish - Southern Pacific Coast",1.28571428571429,1.92307692307692,1.6043956043956
"Sebastes _ nebulosus","Gulf of Alaska Other Rockfish Complex",1.28571428571429,1.92307692307692,1.6043956043956
"Sebastes _ nigrocinctus","Gulf of Alaska Other Rockfish Complex",1.28571428571429,1.92307692307692,1.6043956043956
"Sebastes _ paucispinis","Bocaccio - Southern Pacific Coast",1.42857142857143,2.07692307692308,1.75274725274725
"Sebastes _ paucispinis","Gulf of Alaska Other Rockfish Complex",1.42857142857143,1.92307692307692,1.67582417582418
"Sebastes _ pinniger","Canary rockfish - Pacific Coast",1.28571428571429,2.15384615384615,1.71978021978022
"Sebastes _ pinniger","Gulf of Alaska Other Rockfish Complex",1.28571428571429,1.92307692307692,1.6043956043956
"Sebastes _ polyspinis","Gulf of Alaska Other Rockfish Complex",1.28571428571429,1.84615384615385,1.56593406593407
"Sebastes _ polyspinis","Northern rockfish - Bering Sea / Aleutian Islands",1.28571428571429,2.23076923076923,1.75824175824176
"Sebastes _ polyspinis","Northern rockfish - Western / Central Gulf of Alaska",1.28571428571429,2.23076923076923,1.75824175824176
"Sebastes _ proriger","Gulf of Alaska Other Rockfish Complex",1.28571428571429,1.92307692307692,1.6043956043956
"Sebastes _ reedi","Gulf of Alaska Other Rockfish Complex",1.28571428571429,1.92307692307692,1.6043956043956
"Sebastes _ ruberrimus","Gulf of Alaska Other Rockfish Complex",1.5,1.92307692307692,1.71153846153846
"Sebastes _ ruberrimus","Yelloweye rockfish - Gulf of Alaska",1.5,1.92307692307692,1.71153846153846
"Sebastes _ ruberrimus","Yelloweye rockfish - Pacific Coast",1.5,2.07692307692308,1.78846153846154
"Sebastes _ rufus","Bank rockfish - California",1.28571428571429,1.84615384615385,1.56593406593407
"Sebastes _ saxicola","Gulf of Alaska Other Rockfish Complex",1.35714285714286,1.92307692307692,1.64010989010989
"Sebastes _ saxicola","Stripetail rockfish - Pacific Coast",1.35714285714286,2,1.67857142857143
"Sebastes _ variabilis","Bering Sea / Aleutian Islands Other Rockfish Complex",1.35714285714286,1.76923076923077,1.56318681318681
"Sebastes _ variabilis","Dusky rockfish - Gulf of Alaska",1.35714285714286,2.15384615384615,1.75549450549451
"Sebastes _ variegatus","Gulf of Alaska Other Rockfish Complex",1.28571428571429,1.92307692307692,1.6043956043956
"Sebastes _ wilsoni","Gulf of Alaska Other Rockfish Complex",1.28571428571429,1.92307692307692,1.6043956043956
"Sebastes _ zacentrus","Gulf of Alaska Other Rockfish Complex",1.28571428571429,1.92307692307692,1.6043956043956
"Sebastes _ zacentrus","Sharpchin rockfish - Pacific Coast",1.28571428571429,1.92307692307692,1.6043956043956
"Sebastolobus _ alascanus","Bering Sea / Aleutian Islands Other Rockfish Complex",1.71428571428571,2,1.85714285714286
"Sebastolobus _ alascanus","Shortspine thornyhead - Gulf of Alaska",1.71428571428571,2,1.85714285714286
"Sebastolobus _ alascanus","Shortspine thornyhead - Pacific Coast",1.71428571428571,2.23076923076923,1.97252747252747
"Sebastolobus _ altivelis","Longspine thornyhead - Pacific Coast",1.5,2.53846153846154,2.01923076923077
"Seriola _ dumerili","Greater amberjack - Gulf of Mexico",2.42857142857143,1.76923076923077,2.0989010989011
"Seriola _ dumerili","Greater amberjack - Southern Atlantic Coast",2.42857142857143,2.15384615384615,2.29120879120879
"Sicyonia _ brevirostris","Brown rock shrimp - Southern Atlantic Coast",2.07142857142857,1.69230769230769,1.88186813186813
"Somniosus _ pacificus","Gulf of Alaska Shark Complex",2,2,2
"Sparisoma _ aurofrenatum","Caribbean Parrotfishes Complex",2.42857142857143,1.61538461538462,2.02197802197802
"Sparisoma _ chrysopterum","Caribbean Parrotfishes Complex",2.28571428571429,1.69230769230769,1.98901098901099
"Sparisoma _ chrysopterum","Redtail parrotfish - Caribbean",2.28571428571429,1.69230769230769,1.98901098901099
"Sparisoma _ rubripinne","Caribbean Parrotfishes Complex",2.21428571428571,1.69230769230769,1.9532967032967
"Sparisoma _ viride","Caribbean Parrotfishes Complex",2.28571428571429,1.69230769230769,1.98901098901099
"Sphyrna _ lewini","Scalloped hammerhead - Atlantic and Gulf of Mexico",1.85714285714286,1.84615384615385,1.85164835164835
"Sphyrna _ tiburo","Atlantic Small Coastal Shark Complex",1.92857142857143,1.84615384615385,1.88736263736264
"Spisula _ solidissima","Atlantic surfclam - Mid-Atlantic Coast",2,2.38461538461538,2.19230769230769
"Squalus _ acanthias","Spiny dogfish - Atlantic Coast",1.92857142857143,2.46153846153846,2.19505494505495
"Squalus _ acanthias","Spiny dogfish - Pacific Coast",1.92857142857143,2.30769230769231,2.11813186813187
"Squalus _ suckleyi","North Pacific spiny dogfish - Gulf of Alaska",1.64285714285714,2.23076923076923,1.93681318681319
"Squalus _ suckleyi","Bering Sea / Aleutian Islands Shark Complex",1.64285714285714,2.15384615384615,1.89835164835165
"Squalus _ suckleyi","Gulf of Alaska Shark Complex",1.78571428571429,2.15384615384615,1.96978021978022
"Stenotomus _ chrysops","Scup - Atlantic Coast",2.35714285714286,2.23076923076923,2.29395604395604
"Thunnus _ alalunga","Albacore - North Atlantic",2,2.07692307692308,2.03846153846154
"Thunnus _ alalunga","Albacore - North Pacific",2,2.15384615384615,2.07692307692308
"Thunnus _ alalunga","Albacore - South Pacific",2,1.92307692307692,1.96153846153846
"Thunnus _ albacares","Yellowfin tuna - Atlantic",2.78571428571429,1.84615384615385,2.31593406593407
"Thunnus _ albacares","Yellowfin tuna - Eastern Pacific",2.78571428571429,1.76923076923077,2.27747252747253
"Thunnus _ albacares","Yellowfin tuna - Western and Central Pacific",2.78571428571429,2,2.39285714285714
"Thunnus _ obesus","Bigeye tuna - Atlantic",2.42857142857143,2,2.21428571428571
"Thunnus _ obesus","Bigeye tuna - Eastern Pacific",2.42857142857143,1.76923076923077,2.0989010989011
"Thunnus _ obesus","Bigeye tuna - Western and Central Pacific",2.42857142857143,2.15384615384615,2.29120879120879
"Thunnus _ orientalis","Pacific bluefin tuna - Pacific",2.14285714285714,2.07692307692308,2.10989010989011
"Thunnus _ thynnus","Bluefin tuna - Western Atlantic",1.85714285714286,2.07692307692308,1.96703296703297
"Trachidermus _ fasciatus","Bering Sea / Aleutian Islands Sculpin Complex",2.28571428571429,1.92307692307692,2.1043956043956
"Triglops _ forficatus","Bering Sea / Aleutian Islands Sculpin Complex",2.07142857142857,1.92307692307692,1.99725274725275
"Triglops _ metopias","Bering Sea / Aleutian Islands Sculpin Complex",2.07142857142857,1.92307692307692,1.99725274725275
"Triglops _ pingelii","Bering Sea / Aleutian Islands Sculpin Complex",2.07142857142857,1.92307692307692,1.99725274725275
"Triglops _ scepticus","Bering Sea / Aleutian Islands Sculpin Complex",2,1.92307692307692,1.96153846153846
"Urophycis _ chuss","Red hake - Gulf of Maine / Northern Georges Bank",2.07142857142857,2.07692307692308,2.07417582417582
"Urophycis _ chuss","Red hake - Southern Georges Bank / Mid-Atlantic",2.07142857142857,2,2.03571428571429
"Urophycis _ tenuis","White hake - Gulf of Maine / Georges Bank",1.92857142857143,2.15384615384615,2.04120879120879
"Variola _ louti","Guam Bottomfish Multi-species Complex",2.14285714285714,2.07692307692308,2.10989010989011
"Variola _ louti","Northern Mariana Islands Bottomfish Multi-species Complex",2.14285714285714,2.07692307692308,2.10989010989011
"Xiphias _ gladius","Swordfish - Eastern Pacific",2.35714285714286,1.76923076923077,2.06318681318681
"Xiphias _ gladius","Swordfish - North Atlantic",2.35714285714286,2,2.17857142857143
"Xiphias _ gladius","Swordfish - Western and Central North Pacific",2.35714285714286,2.07692307692308,2.21703296703297
"Zoarces _ americanus","Ocean pout - Northwestern Atlantic Coast",2,1.84615384615385,1.92307692307692
